-- phpMyAdmin SQL Dump
-- version 4.5.1
-- http://www.phpmyadmin.net
--
-- Host: 127.0.0.1
-- Generation Time: Apr 18, 2017 at 03:51 PM
-- Server version: 10.1.9-MariaDB
-- PHP Version: 5.6.15

SET SQL_MODE = "NO_AUTO_VALUE_ON_ZERO";
SET time_zone = "+00:00";


/*!40101 SET @OLD_CHARACTER_SET_CLIENT=@@CHARACTER_SET_CLIENT */;
/*!40101 SET @OLD_CHARACTER_SET_RESULTS=@@CHARACTER_SET_RESULTS */;
/*!40101 SET @OLD_COLLATION_CONNECTION=@@COLLATION_CONNECTION */;
/*!40101 SET NAMES utf8mb4 */;

--
-- Database: `dadanginten2020`
--

-- --------------------------------------------------------

--
-- Table structure for table `anggota`
--

CREATE TABLE `anggota` (
  `id` int(11) NOT NULL,
  `nim` varchar(255) NOT NULL,
  `nama` varchar(255) NOT NULL,
  `alamat` varchar(255) NOT NULL,
  `id_jurusan` int(11) NOT NULL,
  `gambar` varchar(255) DEFAULT NULL,
  `status` int(11) NOT NULL
) ENGINE=InnoDB DEFAULT CHARSET=latin1;

-- --------------------------------------------------------

--
-- Table structure for table `buku`
--

CREATE TABLE `buku` (
  `id` int(11) NOT NULL,
  `nama` varchar(255) COLLATE utf8_unicode_ci DEFAULT NULL,
  `id_penulis` int(11) NOT NULL,
  `id_penerbit` int(11) NOT NULL,
  `tahun` varchar(4) COLLATE utf8_unicode_ci NOT NULL,
  `kota` varchar(255) COLLATE utf8_unicode_ci DEFAULT NULL,
  `katalog` varchar(255) COLLATE utf8_unicode_ci DEFAULT NULL,
  `keterangan` text COLLATE utf8_unicode_ci,
  `eksemplar` int(11) DEFAULT NULL,
  `stok` int(11) DEFAULT NULL,
  `no_rak` varchar(255) COLLATE utf8_unicode_ci NOT NULL,
  `updated_at` datetime DEFAULT NULL,
  `created_at` datetime DEFAULT NULL
) ENGINE=InnoDB DEFAULT CHARSET=utf8 COLLATE=utf8_unicode_ci ROW_FORMAT=COMPACT;

--
-- Dumping data for table `buku`
--

INSERT INTO `buku` (`id`, `nama`, `id_penulis`, `id_penerbit`, `tahun`, `kota`, `katalog`, `keterangan`, `eksemplar`, `stok`, `no_rak`, `updated_at`, `created_at`) VALUES
(1, 'Wanita-Wanita yang Mengubah Dunia', 247, 102, '0', 'Jakarta', '920.72 HOR-W', 'HIBAHAN BAPUSIPDA', 1, 1, 'BAPUSIPDA', NULL, NULL),
(2, 'Wanita-Wanita yang Mengubah Dunia', 247, 102, '0', 'Jakarta', '920.72 HOR-W', 'HIBAHAN BAPUSIPDA', 1, 1, 'BAPUSIPDA', NULL, NULL),
(3, 'Sistem Informasi Akuntansi', 79, 141, '2012', 'Bogor', '658.151 1 MAR-s', 'HIBAHAN BAPUSIPDA', 1, 1, 'BAPUSIPDA', NULL, NULL),
(4, 'Sistem Informasi Akuntansi', 79, 141, '2012', 'Bogor', '658.151 1 MAR-s', 'HIBAHAN BAPUSIPDA', 1, 1, 'BAPUSIPDA', NULL, NULL),
(5, 'Dodolit Dodolit Dodolibret', 40, 217, '2011', 'Jakarta', '899.221 301 DOD', 'HIBAHAN BAPUSIPDA', 1, 1, 'BAPUSIPDA', NULL, NULL),
(6, 'Dodolit Dodolit Dodolibret', 40, 217, '2011', 'Jakarta', '899.221 301 DOD', 'HIBAHAN BAPUSIPDA', 1, 1, 'BAPUSIPDA', NULL, NULL),
(7, 'Membaca Ekspresif', 215, 59, '2011', 'Bandung', '372.41 HEN-m', 'HIBAHAN BAPUSIPDA', 1, 1, 'BAPUSIPDA', NULL, NULL),
(8, 'Membaca Ekspresif', 215, 59, '2011', 'Bandung', '372.41 HEN-m', 'HIBAHAN BAPUSIPDA', 1, 1, 'BAPUSIPDA', NULL, NULL),
(9, 'Membaca', 215, 61, '2013', 'Bandung', '418.4 HEN-m', 'HIBAHAN BAPUSIPDA', 1, 1, 'BAPUSIPDA', NULL, NULL),
(10, 'Membaca', 215, 61, '2013', 'Bandung', '418.4 HEN-m', 'HIBAHAN BAPUSIPDA', 1, 1, 'BAPUSIPDA', NULL, NULL),
(11, 'Inside Coca-Cola : Cerita Kehidupan Seorang CEO dalam Membangun Brand Paling Terkemuka di Dunia', 198, 124, '2012', 'Jakarta', '923.3 ISD-i', 'HIBAHAN BAPUSIPDA', 1, 1, 'BAPUSIPDA', NULL, NULL),
(12, 'Inside Coca-Cola : Cerita Kehidupan Seorang CEO dalam Membangun Brand Paling Terkemuka di Dunia', 198, 124, '2012', 'Jakarta', '923.3 ISD-i', 'HIBAHAN BAPUSIPDA', 1, 1, 'BAPUSIPDA', NULL, NULL),
(13, 'Prinsip Dasar Teknik Kultur Jaringan', 75, 12, '2011', 'Bandung', '571.5 BAR-p', 'HIBAHAN BAPUSIPDA', 1, 1, 'BAPUSIPDA', NULL, NULL),
(14, 'Prinsip Dasar Teknik Kultur Jaringan', 75, 12, '2011', 'Bandung', '571.5 BAR-p', 'HIBAHAN BAPUSIPDA', 1, 1, 'BAPUSIPDA', NULL, NULL),
(15, 'Calakan Aksara, Basa, Sastra, Katut Budaya Sunda', 114, 136, '2011', 'Bogor', '499.223 2 ELL-c', 'HIBAHAN BAPUSIPDA', 1, 1, 'BAPUSIPDA', NULL, NULL),
(16, 'Calakan Aksara, Basa, Sastra, Katut Budaya Sunda', 114, 136, '2011', 'Bogor', '499.223 2 ELL-c', 'HIBAHAN BAPUSIPDA', 1, 1, 'BAPUSIPDA', NULL, NULL),
(17, 'Kitab Undang-Undang Ekonomi Syariah', 275, 135, '2011', 'Bandung', '246.082 KIT', 'HIBAHAN BAPUSIPDA', 1, 1, 'BAPUSIPDA', NULL, NULL),
(18, 'Kitab Undang-Undang Ekonomi Syariah', 275, 135, '2011', 'Bandung', '246.082 KIT', 'HIBAHAN BAPUSIPDA', 1, 1, 'BAPUSIPDA', NULL, NULL),
(19, 'Kemampuan Membaca : Teknik Membaca Efektif dan Efisien', 52, 62, '2008', 'Bandung', '418.4 TAM-k', 'HIBAHAN BAPUSIPDA', 1, 1, 'BAPUSIPDA', NULL, NULL),
(20, 'Kemampuan Membaca : Teknik Membaca Efektif dan Efisien', 52, 62, '2008', 'Bandung', '418.4 TAM-k', 'HIBAHAN BAPUSIPDA', 1, 1, 'BAPUSIPDA', NULL, NULL),
(21, 'Pemikiran dan Perkembangan Hukum Ekonomi Syariah Di Dunia Islam Kontemporer', 69, 171, '2011', 'Depok', '297.273 HAS-p', 'HIBAHAN BAPUSIPDA', 1, 1, 'BAPUSIPDA', NULL, NULL),
(22, 'Pemikiran dan Perkembangan Hukum Ekonomi Syariah Di Dunia Islam Kontemporer', 69, 171, '2011', 'Depok', '297.273 HAS-p', 'HIBAHAN BAPUSIPDA', 1, 1, 'BAPUSIPDA', NULL, NULL),
(23, 'Potret Pendidikan Ekonomi Islam di Indonesia', 66, 169, '2012', 'Depok', '371.009 598 EUI-p', 'HIBAHAN BAPUSIPDA', 1, 1, 'BAPUSIPDA', NULL, NULL),
(24, 'Potret Pendidikan Ekonomi Islam di Indonesia', 66, 169, '2012', 'Depok', '371.009 598 EUI-p', 'HIBAHAN BAPUSIPDA', 1, 1, 'BAPUSIPDA', NULL, NULL),
(25, 'Kompetisi Peradilan Agama dalam Penyelesaian Perkara Ekonomi Syariah', 69, 176, '2010', 'Depok', '347.01 HAS-k', 'HIBAHAN BAPUSIPDA', 1, 1, 'BAPUSIPDA', NULL, NULL),
(26, 'Kompetisi Peradilan Agama dalam Penyelesaian Perkara Ekonomi Syariah', 69, 176, '2010', 'Depok', '347.01 HAS-k', 'HIBAHAN BAPUSIPDA', 1, 1, 'BAPUSIPDA', NULL, NULL),
(27, 'Munculnya Elite Modern Indonesia', 244, 279, '2012', 'Jakarta', '959.8 NIE-m', 'HIBAHAN BAPUSIPDA', 1, 1, 'BAPUSIPDA', NULL, NULL),
(28, 'Munculnya Elite Modern Indonesia', 244, 279, '2012', 'Jakarta', '959.8 NIE-m', 'HIBAHAN BAPUSIPDA', 1, 1, 'BAPUSIPDA', NULL, NULL),
(29, 'Fisika Bantuan : Pendekatan Estimasi Permeabilitas dan Saluran Air Berbasiskan Data Seismik', 223, 153, '2013', 'Yogyakarta', '530 SIS-f', 'HIBAHAN BAPUSIPDA', 1, 1, 'BAPUSIPDA', NULL, NULL),
(30, 'Fisika Bantuan : Pendekatan Estimasi Permeabilitas dan Saluran Air Berbasiskan Data Seismik', 223, 153, '2013', 'Yogyakarta', '530 SIS-f', 'HIBAHAN BAPUSIPDA', 1, 1, 'BAPUSIPDA', NULL, NULL),
(31, 'Desain Interior', 124, 199, '2010', 'Jakarta', '729 CHI-d', 'HIBAHAN BAPUSIPDA', 1, 1, 'BAPUSIPDA', NULL, NULL),
(32, 'Desain Interior', 124, 199, '2010', 'Jakarta', '729 CHI-d', 'HIBAHAN BAPUSIPDA', 1, 1, 'BAPUSIPDA', NULL, NULL),
(33, 'Mengelola Usaha Jasa Boga yang Sukses', 56, 291, '2013', 'Bandung', '642.4 ARI-m', 'HIBAHAN BAPUSIPDA', 1, 1, 'BAPUSIPDA', NULL, NULL),
(34, 'Mengelola Usaha Jasa Boga yang Sukses', 56, 291, '2013', 'Bandung', '642.4 ARI-m', 'HIBAHAN BAPUSIPDA', 1, 1, 'BAPUSIPDA', NULL, NULL),
(35, 'Comic Making', 178, 200, '2011', 'Jakarta', '741.51 GUM-c', 'HIBAHAN BAPUSIPDA', 1, 1, 'BAPUSIPDA', NULL, NULL),
(36, 'Comic Making', 178, 200, '2011', 'Jakarta', '741.51 GUM-c', 'HIBAHAN BAPUSIPDA', 1, 1, 'BAPUSIPDA', NULL, NULL),
(37, 'Kiat Jitu Menulis & Menerbitkan Buku', 269, 117, '2010', 'Jakarta', '302.224 402 8 SUT-k', 'HIBAHAN BAPUSIPDA', 1, 1, 'BAPUSIPDA', NULL, NULL),
(38, 'Kiat Jitu Menulis & Menerbitkan Buku', 269, 117, '2010', 'Jakarta', '302.224 402 8 SUT-k', 'HIBAHAN BAPUSIPDA', 1, 1, 'BAPUSIPDA', NULL, NULL),
(39, 'Etika Bisnis Islam', 184, 160, '2011', 'Depok', '297.273 MUH-e', 'HIBAHAN BAPUSIPDA', 1, 1, 'BAPUSIPDA', NULL, NULL),
(40, 'Etika Bisnis Islam', 184, 160, '2011', 'Depok', '297.273 MUH-e', 'HIBAHAN BAPUSIPDA', 1, 1, 'BAPUSIPDA', NULL, NULL),
(41, 'Desain dan Pemrograman Website', 60, 289, '2013', 'Bandung', '006.76 DEN-d', 'HIBAHAN BAPUSIPDA', 1, 1, 'BAPUSIPDA', NULL, NULL),
(42, 'Desain dan Pemrograman Website', 60, 289, '2013', 'Bandung', '006.76 DEN-d', 'HIBAHAN BAPUSIPDA', 1, 1, 'BAPUSIPDA', NULL, NULL),
(43, 'Akuntansi Perusahaan Jasa dan Dagang', 149, 10, '2013', 'Bandung', '657.7 HER-a', 'HIBAHAN BAPUSIPDA', 1, 1, 'BAPUSIPDA', NULL, NULL),
(44, 'Akuntansi Perusahaan Jasa dan Dagang', 149, 10, '2013', 'Bandung', '657.7 HER-a', 'HIBAHAN BAPUSIPDA', 1, 1, 'BAPUSIPDA', NULL, NULL),
(45, 'Manusia dan Kebudayaan HAN', 133, 216, '2013', 'Jakarta', '306.095 109 GON-m', 'HIBAHAN BAPUSIPDA', 1, 1, 'BAPUSIPDA', NULL, NULL),
(46, 'Manusia dan Kebudayaan HAN', 133, 216, '2013', 'Jakarta', '306.095 109 GON-m', 'HIBAHAN BAPUSIPDA', 1, 1, 'BAPUSIPDA', NULL, NULL),
(47, 'Mindfullness Dalam Komunikasi Antarbudaya', 241, 67, '2013', 'Yogyakarta', '302.2 RIN-m', 'HIBAHAN BAPUSIPDA', 1, 1, 'BAPUSIPDA', NULL, NULL),
(48, 'Mindfullness Dalam Komunikasi Antarbudaya', 241, 67, '2013', 'Yogyakarta', '302.2 RIN-m', 'HIBAHAN BAPUSIPDA', 1, 1, 'BAPUSIPDA', NULL, NULL),
(49, 'Manajemen Perkreditan Bank Umum', 140, 8, '2011', 'Bandung', '332.306 8 RAC-m', 'HIBAHAN BAPUSIPDA', 1, 1, 'BAPUSIPDA', NULL, NULL),
(50, 'Manajemen Perkreditan Bank Umum', 140, 8, '2011', 'Bandung', '332.306 8 RAC-m', 'HIBAHAN BAPUSIPDA', 1, 1, 'BAPUSIPDA', NULL, NULL),
(51, 'Hukum Larangan Praktik Monopoli dan Persaingan Usaha Tidak Sehat di Indonesia', 103, 144, '2010', 'Bogor', '343.598 072 SUH-h', 'HIBAHAN BAPUSIPDA', 1, 1, 'BAPUSIPDA', NULL, NULL),
(52, 'Hukum Larangan Praktik Monopoli dan Persaingan Usaha Tidak Sehat di Indonesia', 103, 144, '2010', 'Bogor', '343.598 072 SUH-h', 'HIBAHAN BAPUSIPDA', 1, 1, 'BAPUSIPDA', NULL, NULL),
(53, 'Manajemen Risiko', 98, 142, '2014', 'Bogor', '658.155 KAS-m', 'HIBAHAN BAPUSIPDA', 1, 1, 'BAPUSIPDA', NULL, NULL),
(54, 'Manajemen Risiko', 98, 142, '2014', 'Bogor', '658.155 KAS-m', 'HIBAHAN BAPUSIPDA', 1, 1, 'BAPUSIPDA', NULL, NULL),
(55, 'Pengantar Bisnis', 138, 2, '2011', 'Bandung', '650.1 DJA-p', 'HIBAHAN BAPUSIPDA', 1, 1, 'BAPUSIPDA', NULL, NULL),
(56, 'Pengantar Bisnis', 138, 2, '2011', 'Bandung', '650.1 DJA-p', 'HIBAHAN BAPUSIPDA', 1, 1, 'BAPUSIPDA', NULL, NULL),
(57, 'Hukum Ekonomi Syariah : Akad Mudharabah', 214, 134, '2013', 'Bandung', '297.273 JAI-h', 'HIBAHAN BAPUSIPDA', 1, 1, 'BAPUSIPDA', NULL, NULL),
(58, 'Hukum Ekonomi Syariah : Akad Mudharabah', 214, 134, '2013', 'Bandung', '297.273 JAI-h', 'HIBAHAN BAPUSIPDA', 1, 1, 'BAPUSIPDA', NULL, NULL),
(59, 'Intisari Pemasaran dan Unsur-Unsur Pemasaran', 138, 5, '2011', 'Bandung', '658.81 DJA-i', 'HIBAHAN BAPUSIPDA', 1, 1, 'BAPUSIPDA', NULL, NULL),
(60, 'Intisari Pemasaran dan Unsur-Unsur Pemasaran', 138, 5, '2011', 'Bandung', '658.81 DJA-i', 'HIBAHAN BAPUSIPDA', 1, 1, 'BAPUSIPDA', NULL, NULL),
(61, 'Hukum Acara Peradilan Tata Usaha Negara', 106, 167, '2011', 'Jakarta', '342.598 06 DWI-h', 'HIBAHAN BAPUSIPDA', 1, 1, 'BAPUSIPDA', NULL, NULL),
(62, 'Hukum Acara Peradilan Tata Usaha Negara', 106, 167, '2011', 'Jakarta', '342.598 06 DWI-h', 'HIBAHAN BAPUSIPDA', 1, 1, 'BAPUSIPDA', NULL, NULL),
(63, 'Biogas dari Limbah Ternak', 240, 244, '2011', 'Bandung', '665.776 RIK-b', 'HIBAHAN BAPUSIPDA', 1, 1, 'BAPUSIPDA', NULL, NULL),
(64, 'Biogas dari Limbah Ternak', 240, 244, '2011', 'Bandung', '665.776 RIK-b', 'HIBAHAN BAPUSIPDA', 1, 1, 'BAPUSIPDA', NULL, NULL),
(65, 'Daftar Istilah-Istilah Untuk Kerekayasaan', 32, 284, '2009', 'Bandung', '603.12 BAM-d', 'HIBAHAN BAPUSIPDA', 1, 1, 'BAPUSIPDA', NULL, NULL),
(66, 'Daftar Istilah-Istilah Untuk Kerekayasaan', 32, 284, '2009', 'Bandung', '603.12 BAM-d', 'HIBAHAN BAPUSIPDA', 1, 1, 'BAPUSIPDA', NULL, NULL),
(67, 'Idiomatika Basa Sunda', 267, 262, '2012', 'Bekasi', '499.223 23 SUN-i', 'HIBAHAN BAPUSIPDA', 1, 1, 'BAPUSIPDA', NULL, NULL),
(68, 'Idiomatika Basa Sunda', 267, 262, '2012', 'Bekasi', '499.223 23 SUN-i', 'HIBAHAN BAPUSIPDA', 1, 1, 'BAPUSIPDA', NULL, NULL),
(69, 'Kamus Lengkap : Inggris-Indonesia, Indonesia-Inggris', 152, 108, '2010', 'Jakarta', '423.992 21 KAM', 'HIBAHAN BAPUSIPDA', 1, 1, 'BAPUSIPDA', NULL, NULL),
(70, 'Kamus Lengkap : Inggris-Indonesia, Indonesia-Inggris', 152, 108, '2010', 'Jakarta', '423.992 21 KAM', 'HIBAHAN BAPUSIPDA', 1, 1, 'BAPUSIPDA', NULL, NULL),
(71, 'Fundamental Astronomy', 143, 326, '2006', 'Germany', '520 FUN-R', 'HIBAHAN BAPUSIPDA', 1, 1, 'BAPUSIPDA', NULL, NULL),
(72, 'The Indonesian Islamic Banking : Theory and Practices', 239, 175, '2011', 'Depok', '332.109 598 RIF-t', 'HIBAHAN BAPUSIPDA', 1, 1, 'BAPUSIPDA', NULL, NULL),
(73, 'API Sejarah', 14, 151, '2009', 'Bandung', '959 AHM-a', 'HIBAHAN BAPUSIPDA', 1, 1, 'BAPUSIPDA', NULL, NULL),
(74, 'Islamic Performance Appraisal : For Human Capital', 65, 174, '2010', 'Depok', '297 ISL-R', 'HIBAHAN BAPUSIPDA', 1, 1, 'BAPUSIPDA', NULL, NULL),
(75, 'Rekayasa Lalu-Lintas : Edisi 2', 176, 202, '2013', 'Jakarta', '388.312 LEK-r', 'HIBAHAN BAPUSIPDA', 1, 1, 'BAPUSIPDA', NULL, NULL),
(76, 'Rekayasa Lalu-Lintas : Edisi 2', 176, 202, '2013', 'Jakarta', '388.312 LEK-r', 'HIBAHAN BAPUSIPDA', 1, 1, 'BAPUSIPDA', NULL, NULL),
(77, 'Perilaku Konsumen dan Pemasaran Strategik', 138, 1, '2013', 'Bandung', '658.834 DJA-p', 'HIBAHAN BAPUSIPDA', 1, 1, 'BAPUSIPDA', NULL, NULL),
(78, 'Perilaku Konsumen dan Pemasaran Strategik', 138, 1, '2013', 'Bandung', '658.834 DJA-p', 'HIBAHAN BAPUSIPDA', 1, 1, 'BAPUSIPDA', NULL, NULL),
(79, 'Jangan Segera Katakan "YA" untuk Operasi', 63, 268, '2011', 'Yogyakarta', '617.91 EKA-j', 'HIBAHAN BAPUSIPDA', 1, 1, 'BAPUSIPDA', NULL, NULL),
(80, 'Jangan Segera Katakan "YA" untuk Operasi', 63, 268, '2011', 'Yogyakarta', '617.91 EKA-j', 'HIBAHAN BAPUSIPDA', 1, 1, 'BAPUSIPDA', NULL, NULL),
(81, 'Sejarah Mobil & Kisah Kehadiran Mobil di Negeri ini', 163, 218, '2012', 'Jakarta', '629.209 JAM-s', 'HIBAHAN BAPUSIPDA', 1, 1, 'BAPUSIPDA', NULL, NULL),
(82, 'Sejarah Mobil & Kisah Kehadiran Mobil di Negeri ini', 163, 218, '2012', 'Jakarta', '629.209 JAM-s', 'HIBAHAN BAPUSIPDA', 1, 1, 'BAPUSIPDA', NULL, NULL),
(83, 'Sistem Komunikasi Indonesia', 210, 324, '2014', 'Bandung', '302.209 598 ANW-s', 'HIBAHAN BAPUSIPDA', 1, 1, 'BAPUSIPDA', NULL, NULL),
(84, 'Sistem Komunikasi Indonesia', 210, 324, '2014', 'Bandung', '302.209 598 ANW-s', 'HIBAHAN BAPUSIPDA', 1, 1, 'BAPUSIPDA', NULL, NULL),
(85, 'Hi-Tech Musical "Cara Canggih menjadi Musisi Modern"', 7, 23, '2013', 'Yogyakarta', '786.76 HIT', 'HIBAHAN BAPUSIPDA', 1, 1, 'BAPUSIPDA', NULL, NULL),
(86, 'Hi-Tech Musical "Cara Canggih menjadi Musisi Modern"', 7, 23, '2013', 'Yogyakarta', '786.76 HIT', 'HIBAHAN BAPUSIPDA', 1, 1, 'BAPUSIPDA', NULL, NULL),
(87, 'Fisika Dasar : Edisi 2', 188, 156, '2007', 'Yogyakarta', '530.1 MOH-f', 'HIBAHAN BAPUSIPDA', 1, 1, 'BAPUSIPDA', NULL, NULL),
(88, 'Fisika Dasar : Edisi 2', 188, 156, '2007', 'Yogyakarta', '530.1 MOH-f', 'HIBAHAN BAPUSIPDA', 1, 1, 'BAPUSIPDA', NULL, NULL),
(89, 'Manajemen Strategik', 138, 4, '2011', 'Bandung', '658.401 2 DJA-m', 'HIBAHAN BAPUSIPDA', 1, 1, 'BAPUSIPDA', NULL, NULL),
(90, 'Manajemen Strategik', 138, 4, '2011', 'Bandung', '658.401 2 DJA-m', 'HIBAHAN BAPUSIPDA', 1, 1, 'BAPUSIPDA', NULL, NULL),
(91, 'Membina Generasi Qurani', 171, 232, '0', 'Bandung', '297.57 MUC-m', 'HIBAHAN BAPUSIPDA', 1, 1, 'BAPUSIPDA', NULL, NULL),
(92, 'Membina Generasi Qurani', 171, 232, '0', 'Bandung', '297.57 MUC-m', 'HIBAHAN BAPUSIPDA', 1, 1, 'BAPUSIPDA', NULL, NULL),
(93, 'Restorasi Penyelenggaraan Pemilu di Indonesia', 201, 128, '2011', 'Yogyakarta', '324.65 NUR-r', 'HIBAHAN BAPUSIPDA', 1, 1, 'BAPUSIPDA', NULL, NULL),
(94, 'Restorasi Penyelenggaraan Pemilu di Indonesia', 201, 128, '2011', 'Yogyakarta', '324.65 NUR-r', 'HIBAHAN BAPUSIPDA', 1, 1, 'BAPUSIPDA', NULL, NULL),
(95, 'Concealed Secrets In The Museum Buildings of Ubud Bali', 257, 157, '2010', 'Jakarta', '069.095 986 2 SAR-c', 'HIBAHAN BAPUSIPDA', 1, 1, 'BAPUSIPDA', NULL, NULL),
(96, 'Concealed Secrets In The Museum Buildings of Ubud Bali', 257, 157, '2010', 'Jakarta', '069.095 986 2 SAR-c', 'HIBAHAN BAPUSIPDA', 1, 1, 'BAPUSIPDA', NULL, NULL),
(97, '2D Animation : Hybrid Technique', 178, 198, '2011', 'Jakarta', '604.2 GUM-d', 'HIBAHAN BAPUSIPDA', 1, 1, 'BAPUSIPDA', NULL, NULL),
(98, '2D Animation : Hybrid Technique', 178, 198, '2011', 'Jakarta', '604.2 GUM-d', 'HIBAHAN BAPUSIPDA', 1, 1, 'BAPUSIPDA', NULL, NULL),
(99, 'Prophetic Intelligence : Kecerdasan Kenabian', 142, 7, '2013', 'Yogyakarta', '297.63 HAM-p', 'HIBAHAN BAPUSIPDA', 1, 1, 'BAPUSIPDA', NULL, NULL),
(100, 'Prophetic Intelligence : Kecerdasan Kenabian', 142, 7, '2013', 'Yogyakarta', '297.63 HAM-p', 'HIBAHAN BAPUSIPDA', 1, 1, 'BAPUSIPDA', NULL, NULL),
(101, 'API Sejarah 2', 14, 152, '2014', 'Bandung', '959.8 AHM-a', 'HIBAHAN BAPUSIPDA', 1, 1, 'BAPUSIPDA', NULL, NULL),
(102, 'API Sejarah 2', 14, 152, '2014', 'Bandung', '959.8 AHM-a', 'HIBAHAN BAPUSIPDA', 1, 1, 'BAPUSIPDA', NULL, NULL),
(103, 'Buku Pintar Strategi Bisnis Koperasi Simpan Pinjam', 50, 47, '2012', 'Yogyakarta', '334 DJO-b', 'HIBAHAN BAPUSIPDA', 1, 1, 'BAPUSIPDA', NULL, NULL),
(104, 'Buku Pintar Strategi Bisnis Koperasi Simpan Pinjam', 50, 47, '2012', 'Yogyakarta', '334 DJO-b', 'HIBAHAN BAPUSIPDA', 1, 1, 'BAPUSIPDA', NULL, NULL),
(105, 'Ensiklopedi Dunia Dalam Binatang : Fakta-Fakta Unik & Menarik Dunia Hewan', 151, 65, '2014', 'Yogyakarta', 'R 590.3 HOE-e', 'HIBAHAN BAPUSIPDA', 1, 1, 'BAPUSIPDA', NULL, NULL),
(106, 'Ensiklopedi Dunia Dalam Binatang : Fakta-Fakta Unik & Menarik Dunia Hewan', 151, 65, '2014', 'Yogyakarta', 'R 590.3 HOE-e', 'HIBAHAN BAPUSIPDA', 1, 1, 'BAPUSIPDA', NULL, NULL),
(107, 'Pendidikan Teknologi Informasi dan Komunikasi', 61, 301, '2013', 'Bandung', '004.601 DEN-p', 'HIBAHAN BAPUSIPDA', 1, 1, 'BAPUSIPDA', NULL, NULL),
(108, 'Pendidikan Teknologi Informasi dan Komunikasi', 61, 301, '2013', 'Bandung', '004.601 DEN-p', 'HIBAHAN BAPUSIPDA', 1, 1, 'BAPUSIPDA', NULL, NULL),
(109, 'Kamus Lengkap Ekonomi : Edisi Kedua', 43, 112, '1994', 'Jakarta', '303.03 PAS-k', 'HIBAHAN BAPUSIPDA', 1, 1, 'BAPUSIPDA', NULL, NULL),
(110, 'Kamus Lengkap Ekonomi : Edisi Kedua', 43, 112, '1994', 'Jakarta', '303.03 PAS-k', 'HIBAHAN BAPUSIPDA', 1, 1, 'BAPUSIPDA', NULL, NULL),
(111, 'Enigma 2 : Menguak Fakta-Fakta Misterius Paling Fenomenal di Dunia', 253, 327, '2014', 'Jakarta', '142.7 SAM-m', 'HIBAHAN BAPUSIPDA', 1, 1, 'BAPUSIPDA', NULL, NULL),
(112, 'Enigma 2 : Menguak Fakta-Fakta Misterius Paling Fenomenal di Dunia', 253, 327, '2014', 'Jakarta', '142.7 SAM-m', 'HIBAHAN BAPUSIPDA', 1, 1, 'BAPUSIPDA', NULL, NULL),
(113, 'Insulinde Park', 264, 213, '2014', 'Bandung', '712.5 SUD-i', 'HIBAHAN BAPUSIPDA', 1, 1, 'BAPUSIPDA', NULL, NULL),
(114, 'Insulinde Park', 264, 213, '2014', 'Bandung', '712.5 SUD-i', 'HIBAHAN BAPUSIPDA', 1, 1, 'BAPUSIPDA', NULL, NULL),
(115, 'Model Pengukuran Sosial Pada Pendidikan Nonformal dan Informal', 113, 241, '2011', 'Jakarta', '370.72 ELI-m', 'HIBAHAN BAPUSIPDA', 1, 1, 'BAPUSIPDA', NULL, NULL),
(116, 'Model Pengukuran Sosial Pada Pendidikan Nonformal dan Informal', 113, 241, '2011', 'Jakarta', '370.72 ELI-m', 'HIBAHAN BAPUSIPDA', 1, 1, 'BAPUSIPDA', NULL, NULL),
(117, 'Patofisiologi dalam Kebidanan', 167, 265, '2013', 'Jakarta', '616.2 BOT-p', 'HIBAHAN BAPUSIPDA', 1, 1, 'BAPUSIPDA', NULL, NULL),
(118, 'Patofisiologi dalam Kebidanan', 167, 265, '2013', 'Jakarta', '616.2 BOT-p', 'HIBAHAN BAPUSIPDA', 1, 1, 'BAPUSIPDA', NULL, NULL),
(119, 'The True Wisdom 4 Pribadi Unik', 6, 205, '2012', 'Yogyakarta', '923.2 ADH-t', 'HIBAHAN BAPUSIPDA', 1, 1, 'BAPUSIPDA', NULL, NULL),
(120, 'The True Wisdom 4 Pribadi Unik', 6, 205, '2012', 'Yogyakarta', '923.2 ADH-t', 'HIBAHAN BAPUSIPDA', 1, 1, 'BAPUSIPDA', NULL, NULL),
(121, 'Pedoman Katalogisasi : Cara Mudah Membuat Katalog Perpustakaan', 104, 206, '2010', 'Jakarta', '025.31 YAH-p', 'HIBAHAN BAPUSIPDA', 1, 1, 'BAPUSIPDA', NULL, NULL),
(122, 'Pedoman Katalogisasi : Cara Mudah Membuat Katalog Perpustakaan', 104, 206, '2010', 'Jakarta', '025.31 YAH-p', 'HIBAHAN BAPUSIPDA', 1, 1, 'BAPUSIPDA', NULL, NULL),
(123, 'English Words In Context : Menguasai Ribuan Kosa-Kata dengan Cepat, Aplikatif, Permanen!', 3, 159, '2010', 'Depok', '421 ABD-e', 'HIBAHAN BAPUSIPDA', 1, 1, 'BAPUSIPDA', NULL, NULL),
(124, 'English Words In Context : Menguasai Ribuan Kosa-Kata dengan Cepat, Aplikatif, Permanen!', 3, 159, '2010', 'Depok', '421 ABD-e', 'HIBAHAN BAPUSIPDA', 1, 1, 'BAPUSIPDA', NULL, NULL),
(125, 'Himpunan Peraturan Perundang-Undangan KUHAP & KUHP', 123, 130, '2012', 'Bandung', '345.05 HIM', 'HIBAHAN BAPUSIPDA', 1, 1, 'BAPUSIPDA', NULL, NULL),
(126, 'Himpunan Peraturan Perundang-Undangan KUHAP & KUHP', 123, 130, '2012', 'Bandung', '345.05 HIM', 'HIBAHAN BAPUSIPDA', 1, 1, 'BAPUSIPDA', NULL, NULL),
(127, 'Telusur Bandung', 272, 88, '2014', 'Jakarta', '910.095 982 TEG-t', 'HIBAHAN BAPUSIPDA', 1, 1, 'BAPUSIPDA', NULL, NULL),
(128, 'Telusur Bandung', 272, 88, '2014', 'Jakarta', '910.095 982 TEG-t', 'HIBAHAN BAPUSIPDA', 1, 1, 'BAPUSIPDA', NULL, NULL),
(129, 'Handbook Teori Politik', 130, 259, '2013', 'Bandung', 'R 320.01 GAU-h', 'HIBAHAN BAPUSIPDA', 1, 1, 'BAPUSIPDA', NULL, NULL),
(130, 'Handbook Teori Politik', 130, 259, '2013', 'Bandung', 'R 320.01 GAU-h', 'HIBAHAN BAPUSIPDA', 1, 1, 'BAPUSIPDA', NULL, NULL),
(131, 'Parasitologi Medis ( Medical Parasitology )', 173, 13, '2013', 'Bandung', '616.96 KOE-p', 'HIBAHAN BAPUSIPDA', 1, 1, 'BAPUSIPDA', NULL, NULL),
(132, 'Parasitologi Medis ( Medical Parasitology )', 173, 13, '2013', 'Bandung', '616.96 KOE-p', 'HIBAHAN BAPUSIPDA', 1, 1, 'BAPUSIPDA', NULL, NULL),
(133, 'Biologi Sel', 231, 313, '2010', 'Jakarta', '571.63 SUB-b', 'HIBAHAN BAPUSIPDA', 1, 1, 'BAPUSIPDA', NULL, NULL),
(134, 'Biologi Sel', 231, 313, '2010', 'Jakarta', '571.63 SUB-b', 'HIBAHAN BAPUSIPDA', 1, 1, 'BAPUSIPDA', NULL, NULL),
(135, 'Jejak-Jejak Wali Allah : Melangkah Menuju Gerbang Kewalian Bersama Syekh Abu Hasan Al-Syadzili', 192, 116, '0', 'Jakarta', '297.092 ALH-j', 'HIBAHAN BAPUSIPDA', 1, 1, 'BAPUSIPDA', NULL, NULL),
(136, 'Jejak-Jejak Wali Allah : Melangkah Menuju Gerbang Kewalian Bersama Syekh Abu Hasan Al-Syadzili', 192, 116, '0', 'Jakarta', '297.092 ALH-j', 'HIBAHAN BAPUSIPDA', 1, 1, 'BAPUSIPDA', NULL, NULL),
(137, 'The Downfall of The Dynasty : Khianat di Tanah Baghdad', 153, 149, '2013', 'Bandung', '899.221 308 1 IND-d', 'HIBAHAN BAPUSIPDA', 1, 1, 'BAPUSIPDA', NULL, NULL),
(138, 'The Downfall of The Dynasty : Khianat di Tanah Baghdad', 153, 149, '2013', 'Bandung', '899.221 308 1 IND-d', 'HIBAHAN BAPUSIPDA', 1, 1, 'BAPUSIPDA', NULL, NULL),
(139, 'Spiritual Enterpreneurship : Transformasi Spiritualitas Kewirausahaan', 54, 229, '2013', 'Yogyakarta', '338.04 ABD-s', 'HIBAHAN BAPUSIPDA', 1, 1, 'BAPUSIPDA', NULL, NULL),
(140, 'Spiritual Enterpreneurship : Transformasi Spiritualitas Kewirausahaan', 54, 229, '2013', 'Yogyakarta', '338.04 ABD-s', 'HIBAHAN BAPUSIPDA', 1, 1, 'BAPUSIPDA', NULL, NULL),
(141, 'Microsoft Excel 2010 dan MySQL untuk Membuat Aplikasi Akuntansi', 282, 46, '2012', 'Yogyakarta', '005.365 MIC', 'HIBAHAN BAPUSIPDA', 1, 1, 'BAPUSIPDA', NULL, NULL),
(142, 'Microsoft Excel 2010 dan MySQL untuk Membuat Aplikasi Akuntansi', 282, 46, '2012', 'Yogyakarta', '005.365 MIC', 'HIBAHAN BAPUSIPDA', 1, 1, 'BAPUSIPDA', NULL, NULL),
(143, 'Tom Peters', 242, 100, '2008', 'Jakarta', '685.409 HEL-t', 'HIBAHAN BAPUSIPDA', 1, 1, 'BAPUSIPDA', NULL, NULL),
(144, 'Tom Peters', 242, 100, '2008', 'Jakarta', '685.409 HEL-t', 'HIBAHAN BAPUSIPDA', 1, 1, 'BAPUSIPDA', NULL, NULL),
(145, 'Landasan Pendidikan : Stimulus Ilmu Pendidikan Bercorak Indonesia', 220, 312, '2014', 'Jakarta', '370.959 8 MAD-I', 'HIBAHAN BAPUSIPDA', 1, 1, 'BAPUSIPDA', NULL, NULL),
(146, 'Landasan Pendidikan : Stimulus Ilmu Pendidikan Bercorak Indonesia', 220, 312, '2014', 'Jakarta', '370.959 8 MAD-I', 'HIBAHAN BAPUSIPDA', 1, 1, 'BAPUSIPDA', NULL, NULL),
(147, 'Manajemen Pemasaran', 138, 3, '2011', 'Bandung', '658.81 DJA-m', 'HIBAHAN BAPUSIPDA', 1, 1, 'BAPUSIPDA', NULL, NULL),
(148, 'Manajemen Pemasaran', 138, 3, '2011', 'Bandung', '658.81 DJA-m', 'HIBAHAN BAPUSIPDA', 1, 1, 'BAPUSIPDA', NULL, NULL),
(149, 'Hukum Perseroan Terbatas : Kewajiban Pemberitahuan oleh Direksi', 67, 140, '2013', 'Bogor', '346.065 FRE-h', 'HIBAHAN BAPUSIPDA', 1, 1, 'BAPUSIPDA', NULL, NULL),
(150, 'Hukum Perseroan Terbatas : Kewajiban Pemberitahuan oleh Direksi', 67, 140, '2013', 'Bogor', '346.065 FRE-h', 'HIBAHAN BAPUSIPDA', 1, 1, 'BAPUSIPDA', NULL, NULL),
(151, 'Membuka Tujuh Pintu Surga Menutup Tujuh Pintu Neraka', 170, 233, '2006', 'Bandung', '297.27 MUC-m', 'HIBAHAN BAPUSIPDA', 1, 1, 'BAPUSIPDA', NULL, NULL),
(152, 'Membuka Tujuh Pintu Surga Menutup Tujuh Pintu Neraka', 170, 233, '2006', 'Bandung', '297.27 MUC-m', 'HIBAHAN BAPUSIPDA', 1, 1, 'BAPUSIPDA', NULL, NULL),
(153, 'Kamus Gizi : Pelengkap Kesehatan Keluarga', 205, 221, '2010', 'Jakarta', 'R 613.303 KAM', 'HIBAHAN BAPUSIPDA', 1, 1, 'BAPUSIPDA', NULL, NULL),
(154, 'Kamus Gizi : Pelengkap Kesehatan Keluarga', 205, 221, '2010', 'Jakarta', 'R 613.303 KAM', 'HIBAHAN BAPUSIPDA', 1, 1, 'BAPUSIPDA', NULL, NULL),
(155, 'Little Notes for Big Success', 24, 148, '2011', 'Bandung', '153.8 ARD-I', 'HIBAHAN BAPUSIPDA', 1, 1, 'BAPUSIPDA', NULL, NULL),
(156, 'Little Notes for Big Success', 24, 148, '2011', 'Bandung', '153.8 ARD-I', 'HIBAHAN BAPUSIPDA', 1, 1, 'BAPUSIPDA', NULL, NULL),
(157, 'Gelegar Otak : Ayo Cari Tahu Apa yang Tersembunyi di Otak Anda!', 271, 321, '2008', 'Bandung', '614.598 TAU-g', 'HIBAHAN BAPUSIPDA', 1, 1, 'BAPUSIPDA', NULL, NULL),
(158, 'Gelegar Otak : Ayo Cari Tahu Apa yang Tersembunyi di Otak Anda!', 271, 321, '2008', 'Bandung', '614.598 TAU-g', 'HIBAHAN BAPUSIPDA', 1, 1, 'BAPUSIPDA', NULL, NULL),
(159, 'Etika Individual : Pola Dasar Filsafat Moral', 92, 311, '2012', 'Jakarta', '170.4 BUR-e', 'HIBAHAN BAPUSIPDA', 1, 1, 'BAPUSIPDA', NULL, NULL),
(160, 'Etika Individual : Pola Dasar Filsafat Moral', 92, 311, '2012', 'Jakarta', '170.4 BUR-e', 'HIBAHAN BAPUSIPDA', 1, 1, 'BAPUSIPDA', NULL, NULL),
(161, 'Kapan Kapok?', 237, 203, '2013', 'Yogyakarta', '364.132 3 REZ-k', 'HIBAHAN BAPUSIPDA', 1, 1, 'BAPUSIPDA', NULL, NULL),
(162, 'Kapan Kapok?', 237, 203, '2013', 'Yogyakarta', '364.132 3 REZ-k', 'HIBAHAN BAPUSIPDA', 1, 1, 'BAPUSIPDA', NULL, NULL),
(163, 'Manajemen Risiko', 96, 70, '2014', 'Jakarta', '658.155 HER-m', 'HIBAHAN BAPUSIPDA', 1, 1, 'BAPUSIPDA', NULL, NULL),
(164, 'Manajemen Risiko', 96, 70, '2014', 'Jakarta', '658.155 HER-m', 'HIBAHAN BAPUSIPDA', 1, 1, 'BAPUSIPDA', NULL, NULL),
(165, 'Pengarang Tidak Mati : Peranan dan Kiprah Pengarang Indonesia', 180, 253, '2012', 'Bandung', '809.8 MAM-p', 'HIBAHAN BAPUSIPDA', 1, 1, 'BAPUSIPDA', NULL, NULL),
(166, 'Pengarang Tidak Mati : Peranan dan Kiprah Pengarang Indonesia', 180, 253, '2012', 'Bandung', '809.8 MAM-p', 'HIBAHAN BAPUSIPDA', 1, 1, 'BAPUSIPDA', NULL, NULL),
(167, 'Perpustakaan Sebagai Jantung Sekolah', 265, 227, '2013', 'Bandung', '027.8 SUH-p', 'HIBAHAN BAPUSIPDA', 1, 1, 'BAPUSIPDA', NULL, NULL),
(168, 'Perpustakaan Sebagai Jantung Sekolah', 265, 227, '2013', 'Bandung', '027.8 SUH-p', 'HIBAHAN BAPUSIPDA', 1, 1, 'BAPUSIPDA', NULL, NULL),
(169, 'Bacaan Wajib Para Praktisi Pengadaan Barang/Jasa Pemerintah', 254, 331, '2013', 'Jakarta', '658.72 SAM-b', 'HIBAHAN BAPUSIPDA', 1, 1, 'BAPUSIPDA', NULL, NULL),
(170, 'Bacaan Wajib Para Praktisi Pengadaan Barang/Jasa Pemerintah', 254, 331, '2013', 'Jakarta', '658.72 SAM-b', 'HIBAHAN BAPUSIPDA', 1, 1, 'BAPUSIPDA', NULL, NULL),
(171, 'Dental Hypnosis : Metode Baru Komunikasi untuk Kenyamanan Perawatan Gigi', 89, 271, '2012', 'Yogyakarta', '617.601 ASE-d', 'HIBAHAN BAPUSIPDA', 1, 1, 'BAPUSIPDA', NULL, NULL),
(172, 'Dental Hypnosis : Metode Baru Komunikasi untuk Kenyamanan Perawatan Gigi', 89, 271, '2012', 'Yogyakarta', '617.601 ASE-d', 'HIBAHAN BAPUSIPDA', 1, 1, 'BAPUSIPDA', NULL, NULL),
(173, 'Linguistik Sebuah Pengantar', 78, 58, '2011', 'Bandung', '410.1 MAN-I', 'HIBAHAN BAPUSIPDA', 1, 1, 'BAPUSIPDA', NULL, NULL),
(174, 'Linguistik Sebuah Pengantar', 78, 58, '2011', 'Bandung', '410.1 MAN-I', 'HIBAHAN BAPUSIPDA', 1, 1, 'BAPUSIPDA', NULL, NULL),
(175, 'Prinsip -Prinsip Manajemen', 129, 68, '2014', 'Jakarta', '658 TER-p', 'HIBAHAN BAPUSIPDA', 1, 1, 'BAPUSIPDA', NULL, NULL),
(176, 'Prinsip -Prinsip Manajemen', 129, 68, '2014', 'Jakarta', '658 TER-p', 'HIBAHAN BAPUSIPDA', 1, 1, 'BAPUSIPDA', NULL, NULL),
(177, 'Pedoman Penyelenggaraan Perpustakaan Sekolah', 100, 207, '2013', 'Jakarta', '027.806 8 PAW-p', 'HIBAHAN BAPUSIPDA', 1, 1, 'BAPUSIPDA', NULL, NULL),
(178, 'Pedoman Penyelenggaraan Perpustakaan Sekolah', 100, 207, '2013', 'Jakarta', '027.806 8 PAW-p', 'HIBAHAN BAPUSIPDA', 1, 1, 'BAPUSIPDA', NULL, NULL),
(179, 'Pengadaan Barang/Jasa Pemerintah', 123, 133, '2012', 'Bandung', '658.72 PEN', 'HIBAHAN BAPUSIPDA', 1, 1, 'BAPUSIPDA', NULL, NULL),
(180, 'Pengadaan Barang/Jasa Pemerintah', 123, 133, '2012', 'Bandung', '658.72 PEN', 'HIBAHAN BAPUSIPDA', 1, 1, 'BAPUSIPDA', NULL, NULL),
(181, 'Farmakologi dan Toksikologi', 131, 264, '2014', 'Jakarta', '615.9 SCH-f', 'HIBAHAN BAPUSIPDA', 1, 1, 'BAPUSIPDA', NULL, NULL),
(182, 'Farmakologi dan Toksikologi', 131, 264, '2014', 'Jakarta', '615.9 SCH-f', 'HIBAHAN BAPUSIPDA', 1, 1, 'BAPUSIPDA', NULL, NULL),
(183, 'Memahami Pembukaan Undang-Undang Dasar 1945 dari sudut Historis, Filosofis, Idiologis, dan Konsepsi ', 219, 161, '2010', 'Depok', '342.029 598 DIM-m', 'HIBAHAN BAPUSIPDA', 1, 1, 'BAPUSIPDA', NULL, NULL),
(184, 'Memahami Pembukaan Undang-Undang Dasar 1945 dari sudut Historis, Filosofis, Idiologis, dan Konsepsi ', 219, 161, '2010', 'Depok', '342.029 598 DIM-m', 'HIBAHAN BAPUSIPDA', 1, 1, 'BAPUSIPDA', NULL, NULL),
(185, 'Pendidikan Prenatal : Upaya Promosi Kesehatan Bagi Ibu Hamil', 199, 165, '2010', 'Jakarta', '362.198 NIK-p', 'HIBAHAN BAPUSIPDA', 1, 1, 'BAPUSIPDA', NULL, NULL),
(186, 'Pendidikan Prenatal : Upaya Promosi Kesehatan Bagi Ibu Hamil', 199, 165, '2010', 'Jakarta', '362.198 NIK-p', 'HIBAHAN BAPUSIPDA', 1, 1, 'BAPUSIPDA', NULL, NULL),
(187, 'Telaah Buku Teks Bahasa Indonesia', 216, 60, '2009', 'Bandung', '499.221 HEN-t', 'HIBAHAN BAPUSIPDA', 1, 1, 'BAPUSIPDA', NULL, NULL),
(188, 'Telaah Buku Teks Bahasa Indonesia', 216, 60, '2009', 'Bandung', '499.221 HEN-t', 'HIBAHAN BAPUSIPDA', 1, 1, 'BAPUSIPDA', NULL, NULL),
(189, 'Belajar Sepanjang Hayat', 77, 83, '2013', 'Bandung', '374 JON-b', 'HIBAHAN BAPUSIPDA', 1, 1, 'BAPUSIPDA', NULL, NULL),
(190, 'Belajar Sepanjang Hayat', 77, 83, '2013', 'Bandung', '374 JON-b', 'HIBAHAN BAPUSIPDA', 1, 1, 'BAPUSIPDA', NULL, NULL),
(191, 'Mencipta Lagu dengan Fruityloop 3 dan cakewalk pro audio 9.03', 109, 20, '2007', 'Yogyakarta', '005.365 EDD-m', 'HIBAHAN BAPUSIPDA', 1, 1, 'BAPUSIPDA', NULL, NULL),
(192, 'Mencipta Lagu dengan Fruityloop 3 dan cakewalk pro audio 9.03', 109, 20, '2007', 'Yogyakarta', '005.365 EDD-m', 'HIBAHAN BAPUSIPDA', 1, 1, 'BAPUSIPDA', NULL, NULL),
(193, 'Wisata Hemat : Ho Chi Minh & Sekitarnya', 23, 93, '2014', 'Jakarta', '910.959 7 AND-w', 'HIBAHAN BAPUSIPDA', 1, 1, 'BAPUSIPDA', NULL, NULL),
(194, 'Wisata Hemat : Ho Chi Minh & Sekitarnya', 23, 93, '2014', 'Jakarta', '910.959 7 AND-w', 'HIBAHAN BAPUSIPDA', 1, 1, 'BAPUSIPDA', NULL, NULL),
(195, 'Traveling Hemat Keliling India dan Nepal', 288, 185, '2013', 'Jakarta', '910.095 496 YUL-t', 'HIBAHAN BAPUSIPDA', 1, 1, 'BAPUSIPDA', NULL, NULL),
(196, 'Sejarah Wilayah Perbatasan Batam - Singapura 1824-2009', 277, 163, '2009', 'Depok', '959.857 SEJ', 'HIBAHAN BAPUSIPDA', 1, 1, 'BAPUSIPDA', NULL, NULL),
(197, 'Sejarah Wilayah Perbatasan Batam - Singapura 1824-2009', 277, 164, '2009', 'Depok', '915.98 SEJ', 'HIBAHAN BAPUSIPDA', 1, 1, 'BAPUSIPDA', NULL, NULL),
(198, 'Sejarah Wilayah Perbatasan Batam - Singapura 1824-2009', 277, 164, '2009', 'Depok', '915.98 SEJ', 'HIBAHAN BAPUSIPDA', 1, 1, 'BAPUSIPDA', NULL, NULL),
(199, 'Sejarah Wilayah Perbatasan Entikong - Malaysia 1845 - 2009', 277, 162, '2009', 'Depok', '915.98 SEJ', 'HIBAHAN BAPUSIPDA', 1, 1, 'BAPUSIPDA', NULL, NULL),
(200, 'Sejarah Wilayah Perbatasan Entikong - Malaysia 1845 - 2009', 277, 162, '2009', 'Depok', '915.98 SEJ', 'HIBAHAN BAPUSIPDA', 1, 1, 'BAPUSIPDA', NULL, NULL),
(201, 'Asyiknya Mancing : Cara Ampuh Menaklukkan Ikan di Laut & Air Tawar', 111, 225, '2011', 'Yogyakarta', '706 EKO-a', 'HIBAHAN BAPUSIPDA', 1, 1, 'BAPUSIPDA', NULL, NULL),
(202, 'Asyiknya Mancing : Cara Ampuh Menaklukkan Ikan di Laut & Air Tawar', 111, 225, '2011', 'Yogyakarta', '706 EKO-a', 'HIBAHAN BAPUSIPDA', 1, 1, 'BAPUSIPDA', NULL, NULL),
(203, 'Asuhan Keperawatan Bayi dan Anak : Untuk Perawat dan Bidan', 233, 320, '2013', 'Jakarta', '610.736 REK-a', 'HIBAHAN BAPUSIPDA', 1, 1, 'BAPUSIPDA', NULL, NULL),
(204, 'Asuhan Keperawatan Bayi dan Anak : Untuk Perawat dan Bidan', 233, 320, '2013', 'Jakarta', '610.736 REK-a', 'HIBAHAN BAPUSIPDA', 1, 1, 'BAPUSIPDA', NULL, NULL),
(205, 'Penuntun Praktis & Terkini dalam Memahami Perpajakan Indonesia', 206, 50, '2012', 'Yogyakarta', '336.2012598 PIR-p', 'HIBAHAN BAPUSIPDA', 1, 1, 'BAPUSIPDA', NULL, NULL),
(206, 'Penuntun Praktis & Terkini dalam Memahami Perpajakan Indonesia', 206, 50, '2012', 'Yogyakarta', '336.2012598 PIR-p', 'HIBAHAN BAPUSIPDA', 1, 1, 'BAPUSIPDA', NULL, NULL),
(207, 'Manajemen Konstruksi', 154, 288, '2014', 'Bandung', '690.068 IRI-m', 'HIBAHAN BAPUSIPDA', 1, 1, 'BAPUSIPDA', NULL, NULL),
(208, 'Manajemen Konstruksi', 154, 288, '2014', 'Bandung', '690.068 IRI-m', 'HIBAHAN BAPUSIPDA', 1, 1, 'BAPUSIPDA', NULL, NULL),
(209, 'Een Sukaesih Sang Guru Qolbu', 289, 77, '2013', 'Jakarta', '920 ZAE-e', 'HIBAHAN BAPUSIPDA', 1, 1, 'BAPUSIPDA', NULL, NULL),
(210, 'Een Sukaesih Sang Guru Qolbu', 289, 77, '2013', 'Jakarta', '920 ZAE-e', 'HIBAHAN BAPUSIPDA', 1, 1, 'BAPUSIPDA', NULL, NULL),
(211, 'Fisika Terapan', 82, 290, '2013', 'Bandung', '621 NAN-f', 'HIBAHAN BAPUSIPDA', 1, 1, 'BAPUSIPDA', NULL, NULL),
(212, 'Fisika Terapan', 82, 290, '2013', 'Bandung', '621 NAN-f', 'HIBAHAN BAPUSIPDA', 1, 1, 'BAPUSIPDA', NULL, NULL),
(213, 'Manajemen Sumber Daya Manusia', 225, 74, '2014', 'Jakarta', '658.303 SON-m', 'HIBAHAN BAPUSIPDA', 1, 1, 'BAPUSIPDA', NULL, NULL),
(214, 'Manajemen Sumber Daya Manusia', 225, 74, '2014', 'Jakarta', '658.303 SON-m', 'HIBAHAN BAPUSIPDA', 1, 1, 'BAPUSIPDA', NULL, NULL),
(215, 'Seni Drama untuk Remaja', 235, 276, '2013', 'Bandung', '808.2 REN-s', 'HIBAHAN BAPUSIPDA', 1, 1, 'BAPUSIPDA', NULL, NULL),
(216, 'Seni Drama untuk Remaja', 235, 276, '2013', 'Bandung', '808.2 REN-s', 'HIBAHAN BAPUSIPDA', 1, 1, 'BAPUSIPDA', NULL, NULL),
(217, 'Ibunda : Guru dan Sahabat Menuju Dewasa', 185, 236, '2013', 'Bandung', '153.8 MAY-i', 'HIBAHAN BAPUSIPDA', 1, 1, 'BAPUSIPDA', NULL, NULL),
(218, 'Ibunda : Guru dan Sahabat Menuju Dewasa', 185, 236, '2013', 'Bandung', '153.8 MAY-i', 'HIBAHAN BAPUSIPDA', 1, 1, 'BAPUSIPDA', NULL, NULL),
(219, 'Tawa dan Inspirasi Bisnis Abun Sanda', 4, 222, '2013', 'Jakarta', '650.1 ABU-t', 'HIBAHAN BAPUSIPDA', 1, 1, 'BAPUSIPDA', NULL, NULL),
(220, 'Tawa dan Inspirasi Bisnis Abun Sanda', 4, 222, '2013', 'Jakarta', '650.1 ABU-t', 'HIBAHAN BAPUSIPDA', 1, 1, 'BAPUSIPDA', NULL, NULL),
(221, 'Undang-Undang Republik Indonesia No.15 Tahun 2011 Tentang Penyelenggaraan Pemilihan Umum', 186, 256, '2014', 'Bandung', '324.65 UND', 'HIBAHAN BAPUSIPDA', 1, 1, 'BAPUSIPDA', NULL, NULL),
(222, 'Undang-Undang Republik Indonesia No.15 Tahun 2011 Tentang Penyelenggaraan Pemilihan Umum', 186, 256, '2014', 'Bandung', '324.65 UND', 'HIBAHAN BAPUSIPDA', 1, 1, 'BAPUSIPDA', NULL, NULL),
(223, 'Cinta Yang Terputus', 279, 181, '2012', 'Jakarta', '899.221 3 LES-c', 'HIBAHAN BAPUSIPDA', 1, 1, 'BAPUSIPDA', NULL, NULL),
(224, 'Cinta Yang Terputus', 279, 181, '2012', 'Jakarta', '899.221 3 LES-c', 'HIBAHAN BAPUSIPDA', 1, 1, 'BAPUSIPDA', NULL, NULL),
(225, 'Living Dead In Dallas : Petualangan Vampir di Dallas', 42, 106, '2009', 'Jakarta', '823 HAR-I', 'HIBAHAN BAPUSIPDA', 1, 1, 'BAPUSIPDA', NULL, NULL),
(226, 'Living Dead In Dallas : Petualangan Vampir di Dallas', 42, 106, '2009', 'Jakarta', '823 HAR-I', 'HIBAHAN BAPUSIPDA', 1, 1, 'BAPUSIPDA', NULL, NULL),
(227, 'Pengantar PPH dan PPH 21 Lengkap Dengan Undang-Undang', 50, 34, '2007', 'Yogyakarta', '336.2 DJO-p', 'HIBAHAN BAPUSIPDA', 1, 1, 'BAPUSIPDA', NULL, NULL),
(228, 'Pengantar PPH dan PPH 21 Lengkap Dengan Undang-Undang', 50, 34, '2007', 'Yogyakarta', '336.2 DJO-p', 'HIBAHAN BAPUSIPDA', 1, 1, 'BAPUSIPDA', NULL, NULL),
(229, 'Mempelajari Karakter Mandarin', 19, 104, '2010', 'Jakarta', '495.1 MAT-m', 'HIBAHAN BAPUSIPDA', 1, 1, 'BAPUSIPDA', NULL, NULL),
(230, 'Mempelajari Karakter Mandarin', 19, 104, '2010', 'Jakarta', '495.1 MAT-m', 'HIBAHAN BAPUSIPDA', 1, 1, 'BAPUSIPDA', NULL, NULL),
(231, 'Kearifan Timur dalam Etos Kerja dan Seni Memimpin', 168, 219, '2007', 'Jakarta', '181 JUS-k', 'HIBAHAN BAPUSIPDA', 1, 1, 'BAPUSIPDA', NULL, NULL),
(232, 'Kearifan Timur dalam Etos Kerja dan Seni Memimpin', 168, 219, '2007', 'Jakarta', '181 JUS-k', 'HIBAHAN BAPUSIPDA', 1, 1, 'BAPUSIPDA', NULL, NULL),
(233, 'Panduan Mudah Membuat Wedding Book dengan InDesign & Photoshop', 148, 30, '2012', 'Yogyakarta', '005.384 HER-p', 'HIBAHAN BAPUSIPDA', 1, 1, 'BAPUSIPDA', NULL, NULL),
(234, 'Panduan Mudah Membuat Wedding Book dengan InDesign & Photoshop', 148, 30, '2012', 'Yogyakarta', '005.384 HER-p', 'HIBAHAN BAPUSIPDA', 1, 1, 'BAPUSIPDA', NULL, NULL),
(235, 'Bantuan Sosial di Indonesia Sekarang dan ke Depan', 261, 129, '2012', 'Bandung', '361 SRI-b', 'HIBAHAN BAPUSIPDA', 1, 1, 'BAPUSIPDA', NULL, NULL),
(236, 'Bantuan Sosial di Indonesia Sekarang dan ke Depan', 261, 129, '2012', 'Bandung', '361 SRI-b', 'HIBAHAN BAPUSIPDA', 1, 1, 'BAPUSIPDA', NULL, NULL),
(237, 'Bumi', 273, 179, '2014', 'Jakarta', '899.221 3 TER-b', 'HIBAHAN BAPUSIPDA', 1, 1, 'BAPUSIPDA', NULL, NULL),
(238, 'Bumi', 273, 179, '2014', 'Jakarta', '899.221 3 TER-b', 'HIBAHAN BAPUSIPDA', 1, 1, 'BAPUSIPDA', NULL, NULL),
(239, 'Deoxyribo Nucleac Acid', 2, 9, '2001', 'Bandung', '572 ABD-d', 'HIBAHAN BAPUSIPDA', 1, 1, 'BAPUSIPDA', NULL, NULL),
(240, 'Deoxyribo Nucleac Acid', 2, 9, '2001', 'Bandung', '572 ABD-d', 'HIBAHAN BAPUSIPDA', 1, 1, 'BAPUSIPDA', NULL, NULL),
(241, 'Ekonomi Manajerial', 287, 143, '2012', 'Bogor', '330.068 YOO-e', 'HIBAHAN BAPUSIPDA', 1, 1, 'BAPUSIPDA', NULL, NULL),
(242, 'Ekonomi Manajerial', 287, 143, '2012', 'Bogor', '330.068 YOO-e', 'HIBAHAN BAPUSIPDA', 1, 1, 'BAPUSIPDA', NULL, NULL),
(243, 'Sejarah Wilayah Perbatasan Miangas - Filipina 1928 - 2010', 17, 168, '2012', 'Depok', '959.9 ALE', 'HIBAHAN BAPUSIPDA', 1, 1, 'BAPUSIPDA', NULL, NULL),
(244, 'Sejarah Wilayah Perbatasan Miangas - Filipina 1928 - 2010', 17, 168, '2012', 'Depok', '959.9 ALE', 'HIBAHAN BAPUSIPDA', 1, 1, 'BAPUSIPDA', NULL, NULL),
(245, 'Demonstrasi Sains Kimia : Kimia Deskriptif Melalui Demo Kimia', 97, 247, '2013', 'Bandung', '542 HIS-d', 'HIBAHAN BAPUSIPDA', 1, 1, 'BAPUSIPDA', NULL, NULL),
(246, 'Demonstrasi Sains Kimia : Kimia Deskriptif Melalui Demo Kimia', 97, 247, '2013', 'Bandung', '542 HIS-d', 'HIBAHAN BAPUSIPDA', 1, 1, 'BAPUSIPDA', NULL, NULL),
(247, 'Tiap Orang Bisa Menjadi Pengusaha Sukses Melalui UMKM', 36, 94, '2014', 'Jakarta', '650.01 BUD-t', 'HIBAHAN BAPUSIPDA', 1, 1, 'BAPUSIPDA', NULL, NULL),
(248, 'Tiap Orang Bisa Menjadi Pengusaha Sukses Melalui UMKM', 36, 94, '2014', 'Jakarta', '650.01 BUD-t', 'HIBAHAN BAPUSIPDA', 1, 1, 'BAPUSIPDA', NULL, NULL),
(249, 'Lasting Lean : Re-Innovate Your Business Model Better, Faster, And Easer!', 35, 92, '2014', 'Jakarta', '650 BON-I', 'HIBAHAN BAPUSIPDA', 1, 1, 'BAPUSIPDA', NULL, NULL),
(250, 'Lasting Lean : Re-Innovate Your Business Model Better, Faster, And Easer!', 35, 92, '2014', 'Jakarta', '650 BON-I', 'HIBAHAN BAPUSIPDA', 1, 1, 'BAPUSIPDA', NULL, NULL),
(251, '123 Ayat Tentang Seni', 286, 250, '2012', 'Bandung', '800 YAP-s', 'HIBAHAN BAPUSIPDA', 1, 1, 'BAPUSIPDA', NULL, NULL),
(252, '123 Ayat Tentang Seni', 286, 250, '2012', 'Bandung', '800 YAP-s', 'HIBAHAN BAPUSIPDA', 1, 1, 'BAPUSIPDA', NULL, NULL),
(253, 'The Answer is Love : A Life And Management Wisdom', 207, 95, '2013', 'Jakarta', '658.409 2 PON-a', 'HIBAHAN BAPUSIPDA', 1, 1, 'BAPUSIPDA', NULL, NULL),
(254, 'The Answer is Love : A Life And Management Wisdom', 207, 95, '2013', 'Jakarta', '658.409 2 PON-a', 'HIBAHAN BAPUSIPDA', 1, 1, 'BAPUSIPDA', NULL, NULL),
(255, 'Analisis Wacana', 117, 230, '2012', 'Yogyakarta', '401.41 ERI-a', 'HIBAHAN BAPUSIPDA', 1, 1, 'BAPUSIPDA', NULL, NULL),
(256, 'Analisis Wacana', 117, 230, '2012', 'Yogyakarta', '401.41 ERI-a', 'HIBAHAN BAPUSIPDA', 1, 1, 'BAPUSIPDA', NULL, NULL),
(257, 'Kupas Tuntas Pengawasan, Pemeriksaan, dan Penyidikan Pajak', 48, 201, '2009', 'Jakarta', '336.2 DIA-k', 'HIBAHAN BAPUSIPDA', 1, 1, 'BAPUSIPDA', NULL, NULL),
(258, 'Kupas Tuntas Pengawasan, Pemeriksaan, dan Penyidikan Pajak', 48, 201, '2009', 'Jakarta', '336.2 DIA-k', 'HIBAHAN BAPUSIPDA', 1, 1, 'BAPUSIPDA', NULL, NULL),
(259, 'Pedoman & Cara Pengisian SPT PPh Pasal 21', 20, 19, '2009', 'Yogyakarta', '336.2 ANA-p', 'HIBAHAN BAPUSIPDA', 1, 1, 'BAPUSIPDA', NULL, NULL),
(260, 'Pedoman & Cara Pengisian SPT PPh Pasal 21', 20, 19, '2009', 'Yogyakarta', '336.2 ANA-p', 'HIBAHAN BAPUSIPDA', 1, 1, 'BAPUSIPDA', NULL, NULL),
(261, 'Schaum''s Outline Computer Networking ( Jaringan Komputer )', 108, 115, '2004', 'Jakarta', '005.754 TIT-s', 'HIBAHAN BAPUSIPDA', 1, 1, 'BAPUSIPDA', NULL, NULL),
(262, 'Schaum''s Outline Computer Networking ( Jaringan Komputer )', 108, 115, '2004', 'Jakarta', '005.754 TIT-s', 'HIBAHAN BAPUSIPDA', 1, 1, 'BAPUSIPDA', NULL, NULL),
(263, 'Menciptakan Balanced Scorecard untuk Organisasi Jasa Keuangan', 196, 119, '2012', 'Jakarta', '658.401 2 MAK-m', 'HIBAHAN BAPUSIPDA', 1, 1, 'BAPUSIPDA', NULL, NULL),
(264, 'Menciptakan Balanced Scorecard untuk Organisasi Jasa Keuangan', 196, 119, '2012', 'Jakarta', '658.401 2 MAK-m', 'HIBAHAN BAPUSIPDA', 1, 1, 'BAPUSIPDA', NULL, NULL),
(265, 'Hukum Bisnis Pasar Modal', 68, 51, '2011', 'Yogyakarta', '346.07 BUD-h', 'HIBAHAN BAPUSIPDA', 1, 1, 'BAPUSIPDA', NULL, NULL),
(266, 'Hukum Bisnis Pasar Modal', 68, 51, '2011', 'Yogyakarta', '346.07 BUD-h', 'HIBAHAN BAPUSIPDA', 1, 1, 'BAPUSIPDA', NULL, NULL),
(267, 'Cinta, Kenangan, dan Hal-Hal yang Tak Selesai', 174, 186, '2011', 'Jakarta', '899.221 1 HAS-c', 'HIBAHAN BAPUSIPDA', 1, 1, 'BAPUSIPDA', NULL, NULL),
(268, 'Cinta, Kenangan, dan Hal-Hal yang Tak Selesai', 174, 186, '2011', 'Jakarta', '899.221 1 HAS-c', 'HIBAHAN BAPUSIPDA', 1, 1, 'BAPUSIPDA', NULL, NULL),
(269, '1 Perempuan 14 Laki-Laki', 49, 188, '2011', 'Jakarta', '899.221 301 DJE-s', 'HIBAHAN BAPUSIPDA', 1, 1, 'BAPUSIPDA', NULL, NULL),
(270, '1 Perempuan 14 Laki-Laki', 49, 188, '2011', 'Jakarta', '899.221 301 DJE-s', 'HIBAHAN BAPUSIPDA', 1, 1, 'BAPUSIPDA', NULL, NULL),
(271, 'Jago Bermain Gitar', 33, 32, '2013', 'Yogyakarta', '787.6 BAY-c', 'HIBAHAN BAPUSIPDA', 1, 1, 'BAPUSIPDA', NULL, NULL),
(272, 'Jago Bermain Gitar', 33, 32, '2013', 'Yogyakarta', '787.6 BAY-c', 'HIBAHAN BAPUSIPDA', 1, 1, 'BAPUSIPDA', NULL, NULL),
(273, 'Metodologi Penelitian Ekonomi Islam', 146, 170, '2013', 'Jakarta', '001.42 HEN-m', 'HIBAHAN BAPUSIPDA', 1, 1, 'BAPUSIPDA', NULL, NULL),
(274, 'Metodologi Penelitian Ekonomi Islam', 146, 170, '2013', 'Jakarta', '001.42 HEN-m', 'HIBAHAN BAPUSIPDA', 1, 1, 'BAPUSIPDA', NULL, NULL),
(275, 'Hugo Chavez : Soekarno Dari Venezuela', 246, 78, '2013', 'Jakarta', '923.1 CAR-h', 'HIBAHAN BAPUSIPDA', 1, 1, 'BAPUSIPDA', NULL, NULL),
(276, 'Hugo Chavez : Soekarno Dari Venezuela', 246, 78, '2013', 'Jakarta', '923.1 CAR-h', 'HIBAHAN BAPUSIPDA', 1, 1, 'BAPUSIPDA', NULL, NULL),
(277, 'Wirausaha Muda Mandiri : Part 2', 230, 191, '2011', 'Jakarta', '623.3 RHE-w', 'HIBAHAN BAPUSIPDA', 1, 1, 'BAPUSIPDA', NULL, NULL),
(278, 'Wirausaha Muda Mandiri : Part 2', 230, 191, '2011', 'Jakarta', '623.3 RHE-w', 'HIBAHAN BAPUSIPDA', 1, 1, 'BAPUSIPDA', NULL, NULL),
(279, 'Sandhyakala Ning Majapahit', 256, 280, '2013', 'Bandung', '899.221 SAN-s', 'HIBAHAN BAPUSIPDA', 1, 1, 'BAPUSIPDA', NULL, NULL),
(280, 'Sandhyakala Ning Majapahit', 256, 280, '2013', 'Bandung', '899.221 SAN-s', 'HIBAHAN BAPUSIPDA', 1, 1, 'BAPUSIPDA', NULL, NULL),
(281, 'Literasi Media : Apa, Mengapa, Bagaimana', 87, 323, '2009', 'Bandung', '302.23 YOS-I', 'HIBAHAN BAPUSIPDA', 1, 1, 'BAPUSIPDA', NULL, NULL),
(282, 'Literasi Media : Apa, Mengapa, Bagaimana', 87, 323, '2009', 'Bandung', '302.23 YOS-I', 'HIBAHAN BAPUSIPDA', 1, 1, 'BAPUSIPDA', NULL, NULL),
(283, 'Cantik Itu Luka', 110, 180, '2012', 'Jakarta', '899.221 3 EKA-c', 'HIBAHAN BAPUSIPDA', 1, 1, 'BAPUSIPDA', NULL, NULL),
(284, 'Cantik Itu Luka', 110, 180, '2012', 'Jakarta', '899.221 3 EKA-c', 'HIBAHAN BAPUSIPDA', 1, 1, 'BAPUSIPDA', NULL, NULL),
(285, 'Batuan & Fosil', 182, 110, '2007', 'Jakarta', '552 HYN-b', 'HIBAHAN BAPUSIPDA', 1, 1, 'BAPUSIPDA', NULL, NULL),
(286, 'Kimia Analitik Dasar', 71, 11, '2014', 'Bandung', '543 IND-k', 'HIBAHAN BAPUSIPDA', 1, 1, 'BAPUSIPDA', NULL, NULL),
(287, 'Tubuh Manusia', 51, 113, '2010', 'Jakarta', '612.003 WAL-c', 'HIBAHAN BAPUSIPDA', 1, 1, 'BAPUSIPDA', NULL, NULL),
(288, 'Tubuh Manusia', 51, 113, '2010', 'Jakarta', '612.003 WAL-c', 'HIBAHAN BAPUSIPDA', 1, 1, 'BAPUSIPDA', NULL, NULL),
(289, 'Meta Leadership Marketing', 8, 238, '2009', 'Jakarta', '658.409 2 ADI-m', 'HIBAHAN BAPUSIPDA', 1, 1, 'BAPUSIPDA', NULL, NULL),
(290, 'Meta Leadership Marketing', 8, 238, '2009', 'Jakarta', '658.409 2 ADI-m', 'HIBAHAN BAPUSIPDA', 1, 1, 'BAPUSIPDA', NULL, NULL),
(291, 'Who Wants To Be An Entrepreneur : Pegawai Juga Bisa Jadi Pengusaha', 34, 99, '2014', 'Jakarta', '338.04 BEN-w', 'HIBAHAN BAPUSIPDA', 1, 1, 'BAPUSIPDA', NULL, NULL),
(292, 'Who Wants To Be An Entrepreneur : Pegawai Juga Bisa Jadi Pengusaha', 34, 99, '2014', 'Jakarta', '338.04 BEN-w', 'HIBAHAN BAPUSIPDA', 1, 1, 'BAPUSIPDA', NULL, NULL),
(293, 'Sejarah Sumatra', 284, 224, '2013', 'Depok', '959.82 MAR-s', 'HIBAHAN BAPUSIPDA', 1, 1, 'BAPUSIPDA', NULL, NULL),
(294, 'Sejarah Sumatra', 284, 224, '2013', 'Depok', '959.82 MAR-s', 'HIBAHAN BAPUSIPDA', 1, 1, 'BAPUSIPDA', NULL, NULL),
(295, 'Demokrasi Aja Kok Repot : Retorika Politik Gus Dur dalam Proses Demokrasi di Indonesia', 83, 272, '2012', 'Yogyakarta', '320.959 8 NUR-d', 'HIBAHAN BAPUSIPDA', 1, 1, 'BAPUSIPDA', NULL, NULL),
(296, 'Demokrasi Aja Kok Repot : Retorika Politik Gus Dur dalam Proses Demokrasi di Indonesia', 83, 272, '2012', 'Yogyakarta', '320.959 8 NUR-d', 'HIBAHAN BAPUSIPDA', 1, 1, 'BAPUSIPDA', NULL, NULL),
(297, 'Getting More : Tak Ada Hari Tanpa Negosiasi', 263, 190, '2014', 'Jakarta', '658.405 2 DIA-g', 'HIBAHAN BAPUSIPDA', 1, 1, 'BAPUSIPDA', NULL, NULL),
(298, 'Getting More : Tak Ada Hari Tanpa Negosiasi', 263, 190, '2014', 'Jakarta', '658.405 2 DIA-g', 'HIBAHAN BAPUSIPDA', 1, 1, 'BAPUSIPDA', NULL, NULL),
(299, 'Notes From Qatar 3 : Dream, Do, Deliver', 191, 89, '2014', 'Jakarta', '338.04 MUH-n', 'HIBAHAN BAPUSIPDA', 1, 1, 'BAPUSIPDA', NULL, NULL),
(300, 'Notes From Qatar 3 : Dream, Do, Deliver', 191, 89, '2014', 'Jakarta', '338.04 MUH-n', 'HIBAHAN BAPUSIPDA', 1, 1, 'BAPUSIPDA', NULL, NULL),
(301, 'Moralitas Islam Dalam Ekonomi & Bisnis', 86, 237, '2012', 'Bandung', '297.273 YAN-m', 'HIBAHAN BAPUSIPDA', 1, 1, 'BAPUSIPDA', NULL, NULL),
(302, 'Moralitas Islam Dalam Ekonomi & Bisnis', 86, 237, '2012', 'Bandung', '297.273 YAN-m', 'HIBAHAN BAPUSIPDA', 1, 1, 'BAPUSIPDA', NULL, NULL),
(303, 'Business Intelligence Cockpit : Cara Mengukur dan Meningkatkan Kinerja Perusahaan', 125, 97, '2014', 'Jakarta', '658.409 2 FRA-b', 'HIBAHAN BAPUSIPDA', 1, 1, 'BAPUSIPDA', NULL, NULL),
(304, 'Business Intelligence Cockpit : Cara Mengukur dan Meningkatkan Kinerja Perusahaan', 125, 97, '2014', 'Jakarta', '658.409 2 FRA-b', 'HIBAHAN BAPUSIPDA', 1, 1, 'BAPUSIPDA', NULL, NULL),
(305, 'Apresiasi & Proses Kreatif Menulis Puisi', 260, 246, '2012', 'Bandung', '808.8 SON-a', 'HIBAHAN BAPUSIPDA', 1, 1, 'BAPUSIPDA', NULL, NULL),
(306, 'Apresiasi & Proses Kreatif Menulis Puisi', 260, 246, '2012', 'Bandung', '808.8 SON-a', 'HIBAHAN BAPUSIPDA', 1, 1, 'BAPUSIPDA', NULL, NULL),
(307, 'Beijing & Northern China', 128, 85, '2013', 'Jakarta', '910.951 MCD-t', 'HIBAHAN BAPUSIPDA', 1, 1, 'BAPUSIPDA', NULL, NULL),
(308, 'Beijing & Northern China', 128, 85, '2013', 'Jakarta', '910.951 MCD-t', 'HIBAHAN BAPUSIPDA', 1, 1, 'BAPUSIPDA', NULL, NULL),
(309, 'Fisika untuk Universitas', 156, 155, '2013', 'Yogyakarta', '530.07 SUT-f', 'HIBAHAN BAPUSIPDA', 1, 1, 'BAPUSIPDA', NULL, NULL),
(310, 'Fisika untuk Universitas', 156, 155, '2013', 'Yogyakarta', '530.07 SUT-f', 'HIBAHAN BAPUSIPDA', 1, 1, 'BAPUSIPDA', NULL, NULL),
(311, 'Kamus Hukum Ekonomi', 226, 137, '2010', 'Bogor', '343.070 03 SRI-k', 'HIBAHAN BAPUSIPDA', 1, 1, 'BAPUSIPDA', NULL, NULL),
(312, 'Kamus Hukum Ekonomi', 226, 137, '2010', 'Bogor', '343.070 03 SRI-k', 'HIBAHAN BAPUSIPDA', 1, 1, 'BAPUSIPDA', NULL, NULL),
(313, 'Intelijen Bisnis', 135, 267, '2010', 'Yogyakarta', '650 GUN-i', 'HIBAHAN BAPUSIPDA', 1, 1, 'BAPUSIPDA', NULL, NULL),
(314, 'Intelijen Bisnis', 135, 267, '2010', 'Yogyakarta', '650 GUN-i', 'HIBAHAN BAPUSIPDA', 1, 1, 'BAPUSIPDA', NULL, NULL),
(315, 'Short Course Calculus for Beginners', 249, 41, '2013', 'Yogyakarta', '515.62 SHO', 'HIBAHAN BAPUSIPDA', 1, 1, 'BAPUSIPDA', NULL, NULL),
(316, 'Short Course Calculus for Beginners', 249, 41, '2013', 'Yogyakarta', '515.62 SHO', 'HIBAHAN BAPUSIPDA', 1, 1, 'BAPUSIPDA', NULL, NULL),
(317, 'Ragam Pesona Budaya Sunda', 114, 146, '2011', 'Bogor', '959.824 ELI-r', 'HIBAHAN BAPUSIPDA', 1, 1, 'BAPUSIPDA', NULL, NULL),
(318, 'Ragam Pesona Budaya Sunda', 114, 146, '2011', 'Bogor', '959.824 ELI-r', 'HIBAHAN BAPUSIPDA', 1, 1, 'BAPUSIPDA', NULL, NULL),
(319, 'Dasar & Aplikasi Musik Digital', 7, 39, '2008', 'Yogyakarta', '005.5 ADI-b', 'HIBAHAN BAPUSIPDA', 1, 1, 'BAPUSIPDA', NULL, NULL),
(320, 'Dasar & Aplikasi Musik Digital', 7, 39, '2008', 'Yogyakarta', '005.5 ADI-b', 'HIBAHAN BAPUSIPDA', 1, 1, 'BAPUSIPDA', NULL, NULL),
(321, 'Active Learning : 101 Cara Belajar Siswa Aktif', 80, 251, '2014', 'Bandung', '371.102 SIB-a', 'HIBAHAN BAPUSIPDA', 1, 1, 'BAPUSIPDA', NULL, NULL),
(322, 'Active Learning : 101 Cara Belajar Siswa Aktif', 80, 251, '2014', 'Bandung', '371.102 SIB-a', 'HIBAHAN BAPUSIPDA', 1, 1, 'BAPUSIPDA', NULL, NULL),
(323, 'Beyond Teaching & Learning', 285, 254, '2012', 'Bandung', '371.102 WEN-b', 'HIBAHAN BAPUSIPDA', 1, 1, 'BAPUSIPDA', NULL, NULL),
(324, 'Beyond Teaching & Learning', 285, 254, '2012', 'Bandung', '371.102 WEN-b', 'HIBAHAN BAPUSIPDA', 1, 1, 'BAPUSIPDA', NULL, NULL),
(325, 'Sains Teknologi Masyarakat', 209, 296, '2010', 'Bandung', '371.3 ANN-s', 'HIBAHAN BAPUSIPDA', 1, 1, 'BAPUSIPDA', NULL, NULL),
(326, 'Sains Teknologi Masyarakat', 209, 296, '2010', 'Bandung', '371.3 ANN-s', 'HIBAHAN BAPUSIPDA', 1, 1, 'BAPUSIPDA', NULL, NULL),
(327, 'Ensiklopedi Catatan Emas Piala Dunia Sepanjang Masa', 268, 64, '2014', 'Yogyakarta', '796.334 03 SUR-e', 'HIBAHAN BAPUSIPDA', 1, 1, 'BAPUSIPDA', NULL, NULL),
(328, 'Ensiklopedi Catatan Emas Piala Dunia Sepanjang Masa', 268, 64, '2014', 'Yogyakarta', '796.334 03 SUR-e', 'HIBAHAN BAPUSIPDA', 1, 1, 'BAPUSIPDA', NULL, NULL),
(329, 'Cyber Law dan Haki dalam Sistem Hukum Indonesia', 212, 282, '2010', 'Bandung', '003.502 6 AHM-c', 'HIBAHAN BAPUSIPDA', 1, 1, 'BAPUSIPDA', NULL, NULL),
(330, 'Cyber Law dan Haki dalam Sistem Hukum Indonesia', 212, 282, '2010', 'Bandung', '003.502 6 AHM-c', 'HIBAHAN BAPUSIPDA', 1, 1, 'BAPUSIPDA', NULL, NULL),
(331, 'Pembajakan, Angkutan, dan Keselamatan Penerbangan', 141, 173, '2011', 'Depok', '387.7 MAR-p', 'HIBAHAN BAPUSIPDA', 1, 1, 'BAPUSIPDA', NULL, NULL),
(332, 'Pembajakan, Angkutan, dan Keselamatan Penerbangan', 141, 173, '2011', 'Depok', '387.7 MAR-p', 'HIBAHAN BAPUSIPDA', 1, 1, 'BAPUSIPDA', NULL, NULL),
(333, 'Letjen TNI MMR. Kartakusuma : Sosok Prajurit & Pemikir', 150, 66, '2012', 'Bandung', '923.55 HIK-I', 'HIBAHAN BAPUSIPDA', 1, 1, 'BAPUSIPDA', NULL, NULL),
(334, 'Letjen TNI MMR. Kartakusuma : Sosok Prajurit & Pemikir', 150, 66, '2012', 'Bandung', '923.55 HIK-I', 'HIBAHAN BAPUSIPDA', 1, 1, 'BAPUSIPDA', NULL, NULL),
(335, 'Kesehatan Masyarakat Investasi Manusia Menuju Rakyat Sejahtera', 211, 302, '2011', 'Jakarta', '614 ASC-k', 'HIBAHAN BAPUSIPDA', 1, 1, 'BAPUSIPDA', NULL, NULL),
(336, 'Kesehatan Masyarakat Investasi Manusia Menuju Rakyat Sejahtera', 211, 302, '2011', 'Jakarta', '614 ASC-k', 'HIBAHAN BAPUSIPDA', 1, 1, 'BAPUSIPDA', NULL, NULL),
(337, 'Canting', 28, 177, '2013', 'Jakarta', '899.221 3 ARS-c', 'HIBAHAN BAPUSIPDA', 1, 1, 'BAPUSIPDA', NULL, NULL),
(338, 'Canting', 28, 177, '2013', 'Jakarta', '899.221 3 ARS-c', 'HIBAHAN BAPUSIPDA', 1, 1, 'BAPUSIPDA', NULL, NULL),
(339, 'Kamus Sunda - Indonesia', 232, 212, '2011', 'Bandung', '499.223 239 922 1 SAT-k', 'HIBAHAN BAPUSIPDA', 1, 1, 'BAPUSIPDA', NULL, NULL),
(340, 'Kamus Sunda - Indonesia', 232, 212, '2011', 'Bandung', '499.223 239 922 1 SAT-k', 'HIBAHAN BAPUSIPDA', 1, 1, 'BAPUSIPDA', NULL, NULL),
(341, 'Kamus Lengkap Bisnis : Edisi Kedua', 43, 111, '1997', 'Jakarta', 'R 650.03 CHR-c', 'HIBAHAN BAPUSIPDA', 1, 1, 'BAPUSIPDA', NULL, NULL);
INSERT INTO `buku` (`id`, `nama`, `id_penulis`, `id_penerbit`, `tahun`, `kota`, `katalog`, `keterangan`, `eksemplar`, `stok`, `no_rak`, `updated_at`, `created_at`) VALUES
(342, 'Kamus Lengkap Bisnis : Edisi Kedua', 43, 111, '1997', 'Jakarta', 'R 650.03 CHR-c', 'HIBAHAN BAPUSIPDA', 1, 1, 'BAPUSIPDA', NULL, NULL),
(343, 'Best Of Inggris', 181, 90, '2013', 'Jakarta', '910.021 42 MAR-b', 'HIBAHAN BAPUSIPDA', 1, 1, 'BAPUSIPDA', NULL, NULL),
(344, 'Best Of Inggris', 181, 90, '2013', 'Jakarta', '910.021 42 MAR-b', 'HIBAHAN BAPUSIPDA', 1, 1, 'BAPUSIPDA', NULL, NULL),
(345, 'The Structure of Scientific Revolutions', 274, 300, '2012', 'Bandung', '509 KUH-s', 'HIBAHAN BAPUSIPDA', 1, 1, 'BAPUSIPDA', NULL, NULL),
(346, 'The Structure of Scientific Revolutions', 274, 300, '2012', 'Bandung', '509 KUH-s', 'HIBAHAN BAPUSIPDA', 1, 1, 'BAPUSIPDA', NULL, NULL),
(347, 'Pengolahan Video Kreatif dengan Adobe Premiere Elements 8', 282, 43, '2010', 'Yogyakarta', '005.365 PAN', 'HIBAHAN BAPUSIPDA', 1, 1, 'BAPUSIPDA', NULL, NULL),
(348, 'Pengolahan Video Kreatif dengan Adobe Premiere Elements 8', 282, 43, '2010', 'Yogyakarta', '005.365 PAN', 'HIBAHAN BAPUSIPDA', 1, 1, 'BAPUSIPDA', NULL, NULL),
(349, 'The Sales Advantage', 46, 125, '2012', 'Jakarta', '658.81 CAR-s', 'HIBAHAN BAPUSIPDA', 1, 1, 'BAPUSIPDA', NULL, NULL),
(350, 'The Sales Advantage', 46, 125, '2012', 'Jakarta', '658.81 CAR-s', 'HIBAHAN BAPUSIPDA', 1, 1, 'BAPUSIPDA', NULL, NULL),
(351, 'Karakter Manusia Indonesia : Butir-Butir Pendidikan Karakter untuk Generasi Muda', 224, 245, '2013', 'Bandung', '370.114 SIT-k', 'HIBAHAN BAPUSIPDA', 1, 1, 'BAPUSIPDA', NULL, NULL),
(352, 'Karakter Manusia Indonesia : Butir-Butir Pendidikan Karakter untuk Generasi Muda', 224, 245, '2013', 'Bandung', '370.114 SIT-k', 'HIBAHAN BAPUSIPDA', 1, 1, 'BAPUSIPDA', NULL, NULL),
(353, 'Pendidikan Karakter dalam Metode Aktif, Inovatif, & Kreatif', 236, 118, '2012', 'Jakarta', '370.114 RET-p', 'HIBAHAN BAPUSIPDA', 1, 1, 'BAPUSIPDA', NULL, NULL),
(354, 'Pendidikan Karakter dalam Metode Aktif, Inovatif, & Kreatif', 236, 118, '2012', 'Jakarta', '370.114 RET-p', 'HIBAHAN BAPUSIPDA', 1, 1, 'BAPUSIPDA', NULL, NULL),
(355, 'Makanan Sehat dalam al-Qur''an : Kajian Tafsir bi al-''Ilm dengan Pendekatan Tematik', 119, 275, '2013', 'Yogyakarta', '297.576 FAI-m', 'HIBAHAN BAPUSIPDA', 1, 1, 'BAPUSIPDA', NULL, NULL),
(356, 'Makanan Sehat dalam al-Qur''an : Kajian Tafsir bi al-''Ilm dengan Pendekatan Tematik', 119, 275, '2013', 'Yogyakarta', '297.576 FAI-m', 'HIBAHAN BAPUSIPDA', 1, 1, 'BAPUSIPDA', NULL, NULL),
(357, 'Kreatif Membuat Musik Dengan Studio Digital Sendiri', 282, 29, '2011', 'Yogyakarta', '006.5 KRE', 'HIBAHAN BAPUSIPDA', 1, 1, 'BAPUSIPDA', NULL, NULL),
(358, 'Kreatif Membuat Musik Dengan Studio Digital Sendiri', 282, 29, '2011', 'Yogyakarta', '006.5 KRE', 'HIBAHAN BAPUSIPDA', 1, 1, 'BAPUSIPDA', NULL, NULL),
(359, 'Ma''Rifatullah : Membangun Kecerdasan Spiritual, Intelektual, Emosional, Sosial, dan Akhlak Karimah', 172, 231, '2009', 'Bandung', '297.221 3 MUC-m', 'HIBAHAN BAPUSIPDA', 1, 1, 'BAPUSIPDA', NULL, NULL),
(360, 'Ma''Rifatullah : Membangun Kecerdasan Spiritual, Intelektual, Emosional, Sosial, dan Akhlak Karimah', 172, 231, '2009', 'Bandung', '297.221 3 MUC-m', 'HIBAHAN BAPUSIPDA', 1, 1, 'BAPUSIPDA', NULL, NULL),
(361, 'Mengantisipasi Risiko Dalam Pengadaan Barang/Jasa Pemerintah', 270, 330, '2013', 'Jakarta', '658.72 SUS-m', 'HIBAHAN BAPUSIPDA', 1, 1, 'BAPUSIPDA', NULL, NULL),
(362, 'Mengantisipasi Risiko Dalam Pengadaan Barang/Jasa Pemerintah', 270, 330, '2013', 'Jakarta', '658.72 SUS-m', 'HIBAHAN BAPUSIPDA', 1, 1, 'BAPUSIPDA', NULL, NULL),
(363, 'Rahasia Kembar Cermin', 30, 107, '2009', 'Jakarta', '813 NIF-n', 'HIBAHAN BAPUSIPDA', 1, 1, 'BAPUSIPDA', NULL, NULL),
(364, 'Rahasia Kembar Cermin', 30, 107, '2009', 'Jakarta', '813 NIF-n', 'HIBAHAN BAPUSIPDA', 1, 1, 'BAPUSIPDA', NULL, NULL),
(365, 'Nature Based Management : Belajar Manajemen dari Alam', 258, 305, '2011', 'Jakarta', '658.001 SAT-n', 'HIBAHAN BAPUSIPDA', 1, 1, 'BAPUSIPDA', NULL, NULL),
(366, 'Nature Based Management : Belajar Manajemen dari Alam', 258, 305, '2011', 'Jakarta', '658.001 SAT-n', 'HIBAHAN BAPUSIPDA', 1, 1, 'BAPUSIPDA', NULL, NULL),
(367, 'Stalking Indonesia', 183, 215, '2014', 'Jakarta', '910.021 598 MAR-s', 'HIBAHAN BAPUSIPDA', 1, 1, 'BAPUSIPDA', NULL, NULL),
(368, 'Stalking Indonesia', 183, 215, '2014', 'Jakarta', '910.021 598 MAR-s', 'HIBAHAN BAPUSIPDA', 1, 1, 'BAPUSIPDA', NULL, NULL),
(369, 'Seoul Selection Guides : Seoul', 243, 87, '2013', 'Jakarta', '910.095 19 KOE-s', 'HIBAHAN BAPUSIPDA', 1, 1, 'BAPUSIPDA', NULL, NULL),
(370, 'Seoul Selection Guides : Seoul', 243, 87, '2013', 'Jakarta', '910.095 19 KOE-s', 'HIBAHAN BAPUSIPDA', 1, 1, 'BAPUSIPDA', NULL, NULL),
(371, 'Accelerated Learning For The 21st Century : Cara Belajar Cepat Abad XXI', 44, 255, '2012', 'Bandung', '371.102 ROS-a', 'HIBAHAN BAPUSIPDA', 1, 1, 'BAPUSIPDA', NULL, NULL),
(372, 'Accelerated Learning For The 21st Century : Cara Belajar Cepat Abad XXI', 44, 255, '2012', 'Bandung', '371.102 ROS-a', 'HIBAHAN BAPUSIPDA', 1, 1, 'BAPUSIPDA', NULL, NULL),
(373, 'Sistem Informasi Geografis dengan ArcView GIS', 112, 55, '2010', 'Yogyakarta', '526.022 EKO-s', 'HIBAHAN BAPUSIPDA', 1, 1, 'BAPUSIPDA', NULL, NULL),
(374, 'Sistem Informasi Geografis dengan ArcView GIS', 112, 55, '2010', 'Yogyakarta', '526.022 EKO-s', 'HIBAHAN BAPUSIPDA', 1, 1, 'BAPUSIPDA', NULL, NULL),
(375, 'Pengembangan Sistem Pakar Menggunakan Visual Basic', 276, 31, '2009', 'Yogyakarta', '005.365 PEN', 'HIBAHAN BAPUSIPDA', 1, 1, 'BAPUSIPDA', NULL, NULL),
(376, 'Pengembangan Sistem Pakar Menggunakan Visual Basic', 276, 31, '2009', 'Yogyakarta', '005.365 PEN', 'HIBAHAN BAPUSIPDA', 1, 1, 'BAPUSIPDA', NULL, NULL),
(377, 'Manajemen Sumber Daya Manusia Perusahaan', 53, 293, '2013', 'Bandung', '658.3 ANW-m', 'HIBAHAN BAPUSIPDA', 1, 1, 'BAPUSIPDA', NULL, NULL),
(378, 'Manajemen Sumber Daya Manusia Perusahaan', 53, 293, '2013', 'Bandung', '658.3 ANW-m', 'HIBAHAN BAPUSIPDA', 1, 1, 'BAPUSIPDA', NULL, NULL),
(379, 'Geometri dan Pengukuran', 74, 292, '2013', 'Bandung', '516 ARI-g', 'HIBAHAN BAPUSIPDA', 1, 1, 'BAPUSIPDA', NULL, NULL),
(380, 'Geometri dan Pengukuran', 74, 292, '2013', 'Bandung', '516 ARI-g', 'HIBAHAN BAPUSIPDA', 1, 1, 'BAPUSIPDA', NULL, NULL),
(381, 'Menjadi Guru Profesional ( Disertai Bimbingan Menjadi Pelatih Andal )', 190, 248, '2013', 'Bandung', '371.33 MUH-m', 'HIBAHAN BAPUSIPDA', 1, 1, 'BAPUSIPDA', NULL, NULL),
(382, 'Menjadi Guru Profesional ( Disertai Bimbingan Menjadi Pelatih Andal )', 190, 248, '2013', 'Bandung', '371.33 MUH-m', 'HIBAHAN BAPUSIPDA', 1, 1, 'BAPUSIPDA', NULL, NULL),
(383, 'e-Goverment In Action : Ragam Kasus Implementasi Sukses di Berbagai Belahan Dunia', 238, 17, '2005', 'Yogyakarta', '004.69 RIC-e', 'HIBAHAN BAPUSIPDA', 1, 1, 'BAPUSIPDA', NULL, NULL),
(384, 'e-Goverment In Action : Ragam Kasus Implementasi Sukses di Berbagai Belahan Dunia', 238, 17, '2005', 'Yogyakarta', '004.69 RIC-e', 'HIBAHAN BAPUSIPDA', 1, 1, 'BAPUSIPDA', NULL, NULL),
(385, 'Pengantar Metode Numerik', 12, 33, '2006', 'Yogyakarta', '513.5 AGU-p', 'HIBAHAN BAPUSIPDA', 1, 1, 'BAPUSIPDA', NULL, NULL),
(386, 'Pengantar Metode Numerik', 12, 33, '2006', 'Yogyakarta', '513.5 AGU-p', 'HIBAHAN BAPUSIPDA', 1, 1, 'BAPUSIPDA', NULL, NULL),
(387, 'Batik Nusantara : Makna Filosofis, Cara Pembuatan & Industri Batik', 26, 45, '2011', 'Yogyakarta', '746.662 ARI-b', 'HIBAHAN BAPUSIPDA', 1, 1, 'BAPUSIPDA', NULL, NULL),
(388, 'Batik Nusantara : Makna Filosofis, Cara Pembuatan & Industri Batik', 26, 45, '2011', 'Yogyakarta', '746.662 ARI-b', 'HIBAHAN BAPUSIPDA', 1, 1, 'BAPUSIPDA', NULL, NULL),
(389, 'Imunobiologi : Edisi 3', 231, 314, '2014', 'Jakarta', '571.96 SUB-i', 'HIBAHAN BAPUSIPDA', 1, 1, 'BAPUSIPDA', NULL, NULL),
(390, 'Imunobiologi : Edisi 3', 231, 314, '2014', 'Jakarta', '571.96 SUB-i', 'HIBAHAN BAPUSIPDA', 1, 1, 'BAPUSIPDA', NULL, NULL),
(391, 'Property Cash Machine : Sistem Membangun Kekayaan Melalui Properti Tanpa Modal', 165, 193, '2014', 'Jakarta', '332.632 JOE-p', 'HIBAHAN BAPUSIPDA', 1, 1, 'BAPUSIPDA', NULL, NULL),
(392, 'Property Cash Machine : Sistem Membangun Kekayaan Melalui Properti Tanpa Modal', 165, 193, '2014', 'Jakarta', '332.632 JOE-p', 'HIBAHAN BAPUSIPDA', 1, 1, 'BAPUSIPDA', NULL, NULL),
(393, 'Pertumbuhan Ekonomi dan Kemiskinan', 31, 306, '2014', 'Jakarta', '330.959 8 AUN-p', 'HIBAHAN BAPUSIPDA', 1, 1, 'BAPUSIPDA', NULL, NULL),
(394, 'Pertumbuhan Ekonomi dan Kemiskinan', 31, 306, '2014', 'Jakarta', '330.959 8 AUN-p', 'HIBAHAN BAPUSIPDA', 1, 1, 'BAPUSIPDA', NULL, NULL),
(395, 'Zionist Conspiracy', 21, 76, '2014', 'Jakarta', '320.540 956 94 AND-z', 'HIBAHAN BAPUSIPDA', 1, 1, 'BAPUSIPDA', NULL, NULL),
(396, 'Zionist Conspiracy', 21, 76, '2014', 'Jakarta', '320.540 956 94 AND-z', 'HIBAHAN BAPUSIPDA', 1, 1, 'BAPUSIPDA', NULL, NULL),
(397, 'Quantum Success : Lompatan Dahsyat Menuju Kekayaan dan Kebahagiaan Sejati', 255, 52, '2008', 'Yogyakarta', '658.314 SAN-q', 'HIBAHAN BAPUSIPDA', 1, 1, 'BAPUSIPDA', NULL, NULL),
(398, 'Quantum Success : Lompatan Dahsyat Menuju Kekayaan dan Kebahagiaan Sejati', 255, 52, '2008', 'Yogyakarta', '658.314 SAN-q', 'HIBAHAN BAPUSIPDA', 1, 1, 'BAPUSIPDA', NULL, NULL),
(399, 'The Gong Traveling : Perjalanan Asia Ala Sang Travel-Writer Legendaris', 132, 150, '2012', 'Bandung', '910.95 GOL-g', 'HIBAHAN BAPUSIPDA', 1, 1, 'BAPUSIPDA', NULL, NULL),
(400, 'The Gong Traveling : Perjalanan Asia Ala Sang Travel-Writer Legendaris', 132, 150, '2012', 'Bandung', '910.95 GOL-g', 'HIBAHAN BAPUSIPDA', 1, 1, 'BAPUSIPDA', NULL, NULL),
(401, 'Mahakarya Rakyat Indonesia : Renungan Kritis Pancasila Sebagai Pilar Bangsa', 145, 228, '2013', 'Yogyakarta', '320.5 HAR-m', 'HIBAHAN BAPUSIPDA', 1, 1, 'BAPUSIPDA', NULL, NULL),
(402, 'Mahakarya Rakyat Indonesia : Renungan Kritis Pancasila Sebagai Pilar Bangsa', 145, 228, '2013', 'Yogyakarta', '320.5 HAR-m', 'HIBAHAN BAPUSIPDA', 1, 1, 'BAPUSIPDA', NULL, NULL),
(403, 'Budaya Organisasi', 73, 40, '2014', 'Yogyakarta', '658.406 ANI-b', 'HIBAHAN BAPUSIPDA', 1, 1, 'BAPUSIPDA', NULL, NULL),
(404, 'Budaya Organisasi', 73, 40, '2014', 'Yogyakarta', '658.406 ANI-b', 'HIBAHAN BAPUSIPDA', 1, 1, 'BAPUSIPDA', NULL, NULL),
(405, 'Jago Bermain Biola Dari Nol', 107, 21, '2012', 'Yogyakarta', '787.2 DWI-j', 'HIBAHAN BAPUSIPDA', 1, 1, 'BAPUSIPDA', NULL, NULL),
(406, 'Jago Bermain Biola Dari Nol', 107, 21, '2012', 'Yogyakarta', '787.2 DWI-j', 'HIBAHAN BAPUSIPDA', 1, 1, 'BAPUSIPDA', NULL, NULL),
(407, 'Samsara', 290, 105, '2009', 'Jakarta', '899.221 3 ZAR-s', 'HIBAHAN BAPUSIPDA', 1, 1, 'BAPUSIPDA', NULL, NULL),
(408, 'Samsara', 290, 105, '2009', 'Jakarta', '899.221 3 ZAR-s', 'HIBAHAN BAPUSIPDA', 1, 1, 'BAPUSIPDA', NULL, NULL),
(409, 'Tertawa Ala Persia', 122, 103, '2009', 'Jakarta', '891.55 DUM-t', 'HIBAHAN BAPUSIPDA', 1, 1, 'BAPUSIPDA', NULL, NULL),
(410, 'Tertawa Ala Persia', 122, 103, '2009', 'Jakarta', '891.55 DUM-t', 'HIBAHAN BAPUSIPDA', 1, 1, 'BAPUSIPDA', NULL, NULL),
(411, 'Undang-Undang Republik Indonesia No.11 Tahun 2012 Tentang Sistem Peradilan Anak', 186, 239, '2014', 'Bandung', '345.081 UND', 'HIBAHAN BAPUSIPDA', 1, 1, 'BAPUSIPDA', NULL, NULL),
(412, 'Undang-Undang Republik Indonesia No.11 Tahun 2012 Tentang Sistem Peradilan Anak', 186, 239, '2014', 'Bandung', '345.081 UND', 'HIBAHAN BAPUSIPDA', 1, 1, 'BAPUSIPDA', NULL, NULL),
(413, 'Demonstrasi Sains Kimia : Kimia Deskriptif Melalui Demo Kimia ( Jilid 2 )', 97, 249, '2014', 'Bandung', '542 HIS-d', 'HIBAHAN BAPUSIPDA', 1, 1, 'BAPUSIPDA', NULL, NULL),
(414, 'Demonstrasi Sains Kimia : Kimia Deskriptif Melalui Demo Kimia ( Jilid 2 )', 97, 249, '2014', 'Bandung', '542 HIS-d', 'HIBAHAN BAPUSIPDA', 1, 1, 'BAPUSIPDA', NULL, NULL),
(415, 'Bahan Toksik Dalam Makanan', 72, 295, '2013', 'Bandung', '615.9 ALS-b', 'HIBAHAN BAPUSIPDA', 1, 1, 'BAPUSIPDA', NULL, NULL),
(416, 'Bahan Toksik Dalam Makanan', 72, 295, '2013', 'Bandung', '615.9 ALS-b', 'HIBAHAN BAPUSIPDA', 1, 1, 'BAPUSIPDA', NULL, NULL),
(417, 'Alat Berat', 13, 299, '2012', 'Bandung', '621.8 AHM-a', 'HIBAHAN BAPUSIPDA', 1, 1, 'BAPUSIPDA', NULL, NULL),
(418, 'Alat Berat', 13, 299, '2012', 'Bandung', '621.8 AHM-a', 'HIBAHAN BAPUSIPDA', 1, 1, 'BAPUSIPDA', NULL, NULL),
(419, 'Science and Technology', 70, 298, '2012', 'Bandung', '297.266 SUB-s', 'HIBAHAN BAPUSIPDA', 1, 1, 'BAPUSIPDA', NULL, NULL),
(420, 'Science and Technology', 70, 298, '2012', 'Bandung', '297.266 SUB-s', 'HIBAHAN BAPUSIPDA', 1, 1, 'BAPUSIPDA', NULL, NULL),
(421, 'Kepemimpinan Pendidikan : Strategi Pembaruan, Semangat Pengabdian, Manajemen Modern', 208, 243, '2013', 'Bandung', '658.4 ACH-k', 'HIBAHAN BAPUSIPDA', 1, 1, 'BAPUSIPDA', NULL, NULL),
(422, 'Kepemimpinan Pendidikan : Strategi Pembaruan, Semangat Pengabdian, Manajemen Modern', 208, 243, '2013', 'Bandung', '658.4 ACH-k', 'HIBAHAN BAPUSIPDA', 1, 1, 'BAPUSIPDA', NULL, NULL),
(423, 'Kekuatan Bahan', 5, 35, '2008', 'Yogyakarta', '621.81 ACH-k', 'HIBAHAN BAPUSIPDA', 1, 1, 'BAPUSIPDA', NULL, NULL),
(424, 'Kekuatan Bahan', 5, 35, '2008', 'Yogyakarta', '621.81 ACH-k', 'HIBAHAN BAPUSIPDA', 1, 1, 'BAPUSIPDA', NULL, NULL),
(425, 'Kamus Kata-Kata Serapan Asing Dalam Bahasa Indonesia', 161, 214, '2003', 'Jakarta', 'R 499.221 3 BAD-k', 'HIBAHAN BAPUSIPDA', 1, 1, 'BAPUSIPDA', NULL, NULL),
(426, 'Kamus Kata-Kata Serapan Asing Dalam Bahasa Indonesia', 161, 214, '2003', 'Jakarta', 'R 499.221 3 BAD-k', 'HIBAHAN BAPUSIPDA', 1, 1, 'BAPUSIPDA', NULL, NULL),
(427, 'Ilmu Sosial & Budaya Dasar', 95, 69, '2014', 'Jakarta', '306 HER-i', 'HIBAHAN BAPUSIPDA', 1, 1, 'BAPUSIPDA', NULL, NULL),
(428, 'Ilmu Sosial & Budaya Dasar', 95, 69, '2014', 'Jakarta', '306 HER-i', 'HIBAHAN BAPUSIPDA', 1, 1, 'BAPUSIPDA', NULL, NULL),
(429, 'Tjitaroemplein', 264, 210, '2013', 'Bandung', '720.959 824 SUD-t', 'HIBAHAN BAPUSIPDA', 1, 1, 'BAPUSIPDA', NULL, NULL),
(430, 'Tjitaroemplein', 264, 210, '2013', 'Bandung', '720.959 824 SUD-t', 'HIBAHAN BAPUSIPDA', 1, 1, 'BAPUSIPDA', NULL, NULL),
(431, '100 Kasus Unit Cross-Cultural Misunderstanding', 120, 22, '2012', 'Yogyakarta', '650.1 FAN-s', 'HIBAHAN BAPUSIPDA', 1, 1, 'BAPUSIPDA', NULL, NULL),
(432, '100 Kasus Unit Cross-Cultural Misunderstanding', 120, 22, '2012', 'Yogyakarta', '650.1 FAN-s', 'HIBAHAN BAPUSIPDA', 1, 1, 'BAPUSIPDA', NULL, NULL),
(433, 'Kamus Istilah Teknologi Informasi', 121, 26, '2005', 'Yogyakarta', 'R. 004.03 FAT-k', 'HIBAHAN BAPUSIPDA', 1, 1, 'BAPUSIPDA', NULL, NULL),
(434, 'Kamus Istilah Teknologi Informasi', 121, 26, '2005', 'Yogyakarta', 'R. 004.03 FAT-k', 'HIBAHAN BAPUSIPDA', 1, 1, 'BAPUSIPDA', NULL, NULL),
(435, 'Pengantar Komunikasi Massa : Jilid 1 Edisi 5', 262, 126, '2012', 'Jakarta', '302.23 BAR-p', 'HIBAHAN BAPUSIPDA', 1, 1, 'BAPUSIPDA', NULL, NULL),
(436, 'Pengantar Komunikasi Massa : Jilid 1 Edisi 5', 262, 126, '2012', 'Jakarta', '302.23 BAR-p', 'HIBAHAN BAPUSIPDA', 1, 1, 'BAPUSIPDA', NULL, NULL),
(437, 'Teori & Teknologi Material Elektronik', 59, 287, '2013', 'Bandung', '621.381 BUD-t', 'HIBAHAN BAPUSIPDA', 1, 1, 'BAPUSIPDA', NULL, NULL),
(438, 'Teori & Teknologi Material Elektronik', 59, 287, '2013', 'Bandung', '621.381 BUD-t', 'HIBAHAN BAPUSIPDA', 1, 1, 'BAPUSIPDA', NULL, NULL),
(439, 'Komunikasi Dakwah Paradigma Untuk Aksi', 57, 325, '2010', 'Bandung', '302.224 2 BAM-k', 'HIBAHAN BAPUSIPDA', 1, 1, 'BAPUSIPDA', NULL, NULL),
(440, 'Komunikasi Dakwah Paradigma Untuk Aksi', 57, 325, '2010', 'Bandung', '302.224 2 BAM-k', 'HIBAHAN BAPUSIPDA', 1, 1, 'BAPUSIPDA', NULL, NULL),
(441, 'Alat Berat Untuk Proyek Konstruksi : Edisi Kedua', 155, 309, '2008', 'Jakarta', '621.8 SUS-a', 'HIBAHAN BAPUSIPDA', 1, 1, 'BAPUSIPDA', NULL, NULL),
(442, 'Alat Berat Untuk Proyek Konstruksi : Edisi Kedua', 155, 309, '2008', 'Jakarta', '621.8 SUS-a', 'HIBAHAN BAPUSIPDA', 1, 1, 'BAPUSIPDA', NULL, NULL),
(443, 'Sejarah Pemikiran Ekonomi Islam', 64, 172, '2010', 'Depok', '297.273 EUI-s', 'HIBAHAN BAPUSIPDA', 1, 1, 'BAPUSIPDA', NULL, NULL),
(444, 'Sejarah Pemikiran Ekonomi Islam', 64, 172, '2010', 'Depok', '297.273 EUI-s', 'HIBAHAN BAPUSIPDA', 1, 1, 'BAPUSIPDA', NULL, NULL),
(445, 'Nefertiti Sang Ratu Keabadian', 187, 109, '2009', 'Jakarta', '893.1 MOR-n', 'HIBAHAN BAPUSIPDA', 1, 1, 'BAPUSIPDA', NULL, NULL),
(446, 'Nefertiti Sang Ratu Keabadian', 187, 109, '2009', 'Jakarta', '893.1 MOR-n', 'HIBAHAN BAPUSIPDA', 1, 1, 'BAPUSIPDA', NULL, NULL),
(447, 'Kreativitas Untuk Booming', 27, 195, '2014', 'Jakarta', '650.13 ARI-k', 'HIBAHAN BAPUSIPDA', 1, 1, 'BAPUSIPDA', NULL, NULL),
(448, 'Kreativitas Untuk Booming', 27, 195, '2014', 'Jakarta', '650.13 ARI-k', 'HIBAHAN BAPUSIPDA', 1, 1, 'BAPUSIPDA', NULL, NULL),
(449, 'The World Is Yours To Change : Kisah-Kisah Tokoh Dunia Yang Menginspirasi Jutaan Orang', 45, 328, '2013', 'Jakarta', '920 IKE-w', 'HIBAHAN BAPUSIPDA', 1, 1, 'BAPUSIPDA', NULL, NULL),
(450, 'The World Is Yours To Change : Kisah-Kisah Tokoh Dunia Yang Menginspirasi Jutaan Orang', 45, 328, '2013', 'Jakarta', '920 IKE-w', 'HIBAHAN BAPUSIPDA', 1, 1, 'BAPUSIPDA', NULL, NULL),
(451, 'Negative Investment : Kiat Menghindari Kejahatan Dalam Dunia Investasi', 251, 98, '2014', 'Jakarta', '332.6 RYA-n', 'HIBAHAN BAPUSIPDA', 1, 1, 'BAPUSIPDA', NULL, NULL),
(452, 'Negative Investment : Kiat Menghindari Kejahatan Dalam Dunia Investasi', 251, 98, '2014', 'Jakarta', '332.6 RYA-n', 'HIBAHAN BAPUSIPDA', 1, 1, 'BAPUSIPDA', NULL, NULL),
(453, 'F. G. Winarno : Bapak Teknologi Pangan Indonesia', 159, 183, '2011', 'Jakarta', '926.64 SOE-f', 'HIBAHAN BAPUSIPDA', 1, 1, 'BAPUSIPDA', NULL, NULL),
(454, 'F. G. Winarno : Bapak Teknologi Pangan Indonesia', 159, 183, '2011', 'Jakarta', '926.64 SOE-f', 'HIBAHAN BAPUSIPDA', 1, 1, 'BAPUSIPDA', NULL, NULL),
(455, 'Starting Your Leadership Journey', 204, 84, '2014', 'Jakarta', '741.535 6 PAU-s', 'HIBAHAN BAPUSIPDA', 1, 1, 'BAPUSIPDA', NULL, NULL),
(456, 'Starting Your Leadership Journey', 204, 84, '2014', 'Jakarta', '741.535 6 PAU-s', 'HIBAHAN BAPUSIPDA', 1, 1, 'BAPUSIPDA', NULL, NULL),
(457, 'Handbook Ibu Menyusui', 175, 196, '2008', 'Bandung', '612.664 KUN-h', 'HIBAHAN BAPUSIPDA', 1, 1, 'BAPUSIPDA', NULL, NULL),
(458, 'Handbook Ibu Menyusui', 175, 196, '2008', 'Bandung', '612.664 KUN-h', 'HIBAHAN BAPUSIPDA', 1, 1, 'BAPUSIPDA', NULL, NULL),
(459, 'Pengantar Teori Hukum', 144, 258, '2012', 'Bandung', '340.1 KEL-p', 'HIBAHAN BAPUSIPDA', 1, 1, 'BAPUSIPDA', NULL, NULL),
(460, 'Pengantar Teori Hukum', 144, 258, '2012', 'Bandung', '340.1 KEL-p', 'HIBAHAN BAPUSIPDA', 1, 1, 'BAPUSIPDA', NULL, NULL),
(461, 'Employee Traveler of The Month : Lombok Series', 47, 86, '2014', 'Jakarta', '910.598.621 DAN-e', 'HIBAHAN BAPUSIPDA', 1, 1, 'BAPUSIPDA', NULL, NULL),
(462, 'Employee Traveler of The Month : Lombok Series', 47, 86, '2014', 'Jakarta', '910.598.621 DAN-e', 'HIBAHAN BAPUSIPDA', 1, 1, 'BAPUSIPDA', NULL, NULL),
(463, 'Money Therapy : Do Your Passion and Money Will Follow', 157, 303, '2013', 'Jakarta', '332.4 IRM-m', 'HIBAHAN BAPUSIPDA', 1, 1, 'BAPUSIPDA', NULL, NULL),
(464, 'Money Therapy : Do Your Passion and Money Will Follow', 157, 303, '2013', 'Jakarta', '332.4 IRM-m', 'HIBAHAN BAPUSIPDA', 1, 1, 'BAPUSIPDA', NULL, NULL),
(465, 'Undang-Undang Republik Indonesia No.8 Tahun 2012 Tentang Pemilihan Umum Anggota DPR, DPD, dan DPRD', 200, 252, '2013', 'Bandung', '342.055 UND', 'HIBAHAN BAPUSIPDA', 1, 1, 'BAPUSIPDA', NULL, NULL),
(466, 'Undang-Undang Republik Indonesia No.8 Tahun 2012 Tentang Pemilihan Umum Anggota DPR, DPD, dan DPRD', 200, 252, '2013', 'Bandung', '342.055 UND', 'HIBAHAN BAPUSIPDA', 1, 1, 'BAPUSIPDA', NULL, NULL),
(467, 'Kamus Kedokteran Dorland : Edisi 31', 281, 266, '2007', 'Jakarta', 'R 610.3 DOR-k', 'HIBAHAN BAPUSIPDA', 1, 1, 'BAPUSIPDA', NULL, NULL),
(468, 'Kamus Kedokteran Dorland : Edisi 31', 281, 266, '2007', 'Jakarta', 'R 610.3 DOR-k', 'HIBAHAN BAPUSIPDA', 1, 1, 'BAPUSIPDA', NULL, NULL),
(469, 'Situs Gunung Padang : Misteri Dan Arkeologi', 18, 79, '2014', 'Jakarta', '930.105 9842 ALI-s', 'HIBAHAN BAPUSIPDA', 1, 1, 'BAPUSIPDA', NULL, NULL),
(470, 'Situs Gunung Padang : Misteri Dan Arkeologi', 18, 79, '2014', 'Jakarta', '930.105 9842 ALI-s', 'HIBAHAN BAPUSIPDA', 1, 1, 'BAPUSIPDA', NULL, NULL),
(471, 'Survei Hidrografi', 62, 286, '2012', 'Bandung', '551.46 POE-s', 'HIBAHAN BAPUSIPDA', 1, 1, 'BAPUSIPDA', NULL, NULL),
(472, 'Survei Hidrografi', 62, 286, '2012', 'Bandung', '551.46 POE-s', 'HIBAHAN BAPUSIPDA', 1, 1, 'BAPUSIPDA', NULL, NULL),
(473, 'Manajemen Corporate & Strategi Pemasaran Jasa Pendidikan', 213, 14, '2009', 'Bandung', '371.2 MAN', 'HIBAHAN BAPUSIPDA', 1, 1, 'BAPUSIPDA', NULL, NULL),
(474, 'Manajemen Corporate & Strategi Pemasaran Jasa Pendidikan', 213, 14, '2009', 'Bandung', '371.2 MAN', 'HIBAHAN BAPUSIPDA', 1, 1, 'BAPUSIPDA', NULL, NULL),
(475, 'Sejarah Hukum', 193, 139, '2009', 'Bogor', '340.09 MUN-s', 'HIBAHAN BAPUSIPDA', 1, 1, 'BAPUSIPDA', NULL, NULL),
(476, 'Sejarah Hukum', 193, 139, '2009', 'Bogor', '340.09 MUN-s', 'HIBAHAN BAPUSIPDA', 1, 1, 'BAPUSIPDA', NULL, NULL),
(477, 'PERKA LKPP No.14/2012 Tentang Petunjuk Teknis Pengadaan Barang/Jasa Pemerintah', 280, 329, '2013', 'Jakarta', '658.72 PER', 'HIBAHAN BAPUSIPDA', 1, 1, 'BAPUSIPDA', NULL, NULL),
(478, 'PERKA LKPP No.14/2012 Tentang Petunjuk Teknis Pengadaan Barang/Jasa Pemerintah', 280, 329, '2013', 'Jakarta', '658.72 PER', 'HIBAHAN BAPUSIPDA', 1, 1, 'BAPUSIPDA', NULL, NULL),
(479, 'Sejarah Kecil Indonesia - Prancis 1800-2000', 164, 220, '2013', 'Jakarta', '959.844 ROC-s', 'HIBAHAN BAPUSIPDA', 1, 1, 'BAPUSIPDA', NULL, NULL),
(480, 'Sejarah Kecil Indonesia - Prancis 1800-2000', 164, 220, '2013', 'Jakarta', '959.844 ROC-s', 'HIBAHAN BAPUSIPDA', 1, 1, 'BAPUSIPDA', NULL, NULL),
(481, 'Smart Infopreneur : Sukses Manajemen Konten WEB', 37, 270, '2011', 'Yogyakarta', '650.14 BUD-s', 'HIBAHAN BAPUSIPDA', 1, 1, 'BAPUSIPDA', NULL, NULL),
(482, 'Smart Infopreneur : Sukses Manajemen Konten WEB', 37, 270, '2011', 'Yogyakarta', '650.14 BUD-s', 'HIBAHAN BAPUSIPDA', 1, 1, 'BAPUSIPDA', NULL, NULL),
(483, 'Kamus Idiom Sunda - Indonesia', 177, 209, '2010', 'Bandung', '499.223 239 9221 1 MAR-k', 'HIBAHAN BAPUSIPDA', 1, 1, 'BAPUSIPDA', NULL, NULL),
(484, 'Kamus Idiom Sunda - Indonesia', 177, 209, '2010', 'Bandung', '499.223 239 9221 1 MAR-k', 'HIBAHAN BAPUSIPDA', 1, 1, 'BAPUSIPDA', NULL, NULL),
(485, 'Ilmu Alamiah Dasar : Edisi Baru', 91, 307, '2011', 'Jakarta', '501 ABU-i', 'HIBAHAN BAPUSIPDA', 1, 1, 'BAPUSIPDA', NULL, NULL),
(486, 'Ilmu Alamiah Dasar : Edisi Baru', 91, 307, '2011', 'Jakarta', '501 ABU-i', 'HIBAHAN BAPUSIPDA', 1, 1, 'BAPUSIPDA', NULL, NULL),
(487, 'Jurus Sukses Franchise 100% Pasti Untung', 22, 194, '2013', 'Jakarta', '658.044 AND-j', 'HIBAHAN BAPUSIPDA', 1, 1, 'BAPUSIPDA', NULL, NULL),
(488, 'Jurus Sukses Franchise 100% Pasti Untung', 22, 194, '2013', 'Jakarta', '658.044 AND-j', 'HIBAHAN BAPUSIPDA', 1, 1, 'BAPUSIPDA', NULL, NULL),
(489, 'Perempuan Bernama Arjuna : Filsafat Dalam Fiksi', 234, 257, '2014', 'Bandung', '899.221 3 REM-p', 'HIBAHAN BAPUSIPDA', 1, 1, 'BAPUSIPDA', NULL, NULL),
(490, 'Perempuan Bernama Arjuna : Filsafat Dalam Fiksi', 234, 257, '2014', 'Bandung', '899.221 3 REM-p', 'HIBAHAN BAPUSIPDA', 1, 1, 'BAPUSIPDA', NULL, NULL),
(491, 'Pengantar Filsafat Politik', 166, 260, '2013', 'Bandung', '320.01 WOL-p', 'HIBAHAN BAPUSIPDA', 1, 1, 'BAPUSIPDA', NULL, NULL),
(492, 'Pengantar Filsafat Politik', 166, 260, '2013', 'Bandung', '320.01 WOL-p', 'HIBAHAN BAPUSIPDA', 1, 1, 'BAPUSIPDA', NULL, NULL),
(493, 'Seni Mengajar di Depan Kelas', 250, 81, '2013', 'Bandung', '371.102 RUS-s', 'HIBAHAN BAPUSIPDA', 1, 1, 'BAPUSIPDA', NULL, NULL),
(494, 'Seni Mengajar di Depan Kelas', 250, 81, '2013', 'Bandung', '371.102 RUS-s', 'HIBAHAN BAPUSIPDA', 1, 1, 'BAPUSIPDA', NULL, NULL),
(495, 'Power Memory : 27 Tips Menjadikan Otak Lebih Berdaya', 169, 242, '2013', 'Bandung', '153.12 WHI-p', 'HIBAHAN BAPUSIPDA', 1, 1, 'BAPUSIPDA', NULL, NULL),
(496, 'Power Memory : 27 Tips Menjadikan Otak Lebih Berdaya', 169, 242, '2013', 'Bandung', '153.12 WHI-p', 'HIBAHAN BAPUSIPDA', 1, 1, 'BAPUSIPDA', NULL, NULL),
(497, 'Kimia Koordinasi', 227, 308, '1992', 'Jakarta', '541 SUK-k', 'HIBAHAN BAPUSIPDA', 1, 1, 'BAPUSIPDA', NULL, NULL),
(498, 'Kimia Koordinasi', 227, 308, '1992', 'Jakarta', '541 SUK-k', 'HIBAHAN BAPUSIPDA', 1, 1, 'BAPUSIPDA', NULL, NULL),
(499, 'Merancang Produk', 88, 297, '2012', 'Bandung', '658.5 AGU-m', 'HIBAHAN BAPUSIPDA', 1, 1, 'BAPUSIPDA', NULL, NULL),
(500, 'Merancang Produk', 88, 297, '2012', 'Bandung', '658.5 AGU-m', 'HIBAHAN BAPUSIPDA', 1, 1, 'BAPUSIPDA', NULL, NULL),
(501, 'Perbandingan Pemerintahan', 93, 283, '2011', 'Bandung', '321.01 INU-p', 'HIBAHAN BAPUSIPDA', 1, 1, 'BAPUSIPDA', NULL, NULL),
(502, 'Perbandingan Pemerintahan', 93, 283, '2011', 'Bandung', '321.01 INU-p', 'HIBAHAN BAPUSIPDA', 1, 1, 'BAPUSIPDA', NULL, NULL),
(503, 'Shortcourse Series : Mudah Belajar Statistik dengan SPSS 18', 282, 42, '2010', 'Yogyakarta', '005.365 MUD', 'HIBAHAN BAPUSIPDA', 1, 1, 'BAPUSIPDA', NULL, NULL),
(504, 'Shortcourse Series : Mudah Belajar Statistik dengan SPSS 18', 282, 42, '2010', 'Yogyakarta', '005.365 MUD', 'HIBAHAN BAPUSIPDA', 1, 1, 'BAPUSIPDA', NULL, NULL),
(505, '10 Langkah Belajar Logika dan Algoritma, Menggunakan Bahasa C dan C++ di GNU/Linux', 115, 36, '2005', 'Yogyakarta', '005.365 EMA-s', 'HIBAHAN BAPUSIPDA', 1, 1, 'BAPUSIPDA', NULL, NULL),
(506, '10 Langkah Belajar Logika dan Algoritma, Menggunakan Bahasa C dan C++ di GNU/Linux', 115, 36, '2005', 'Yogyakarta', '005.365 EMA-s', 'HIBAHAN BAPUSIPDA', 1, 1, 'BAPUSIPDA', NULL, NULL),
(507, 'Panduan Praktis Pinnacle 12 Untuk Pengolahan Video', 282, 27, '2010', 'Yogyakarta', '005.365 PAN', 'HIBAHAN BAPUSIPDA', 1, 1, 'BAPUSIPDA', NULL, NULL),
(508, 'Panduan Praktis Pinnacle 12 Untuk Pengolahan Video', 282, 27, '2010', 'Yogyakarta', '005.365 PAN', 'HIBAHAN BAPUSIPDA', 1, 1, 'BAPUSIPDA', NULL, NULL),
(509, 'Panduan Desain Grafis dengan Adobe Illustrator CS2', 179, 16, '2006', 'Yogyakarta', '005.365 PAN', 'HIBAHAN BAPUSIPDA', 1, 1, 'BAPUSIPDA', NULL, NULL),
(510, 'Panduan Desain Grafis dengan Adobe Illustrator CS2', 179, 16, '2006', 'Yogyakarta', '005.365 PAN', 'HIBAHAN BAPUSIPDA', 1, 1, 'BAPUSIPDA', NULL, NULL),
(511, 'Sistem Informasi Manajemen', 225, 71, '2014', 'Jakarta', '658.403 8 SON-s', 'HIBAHAN BAPUSIPDA', 1, 1, 'BAPUSIPDA', NULL, NULL),
(512, 'Sistem Informasi Manajemen', 225, 71, '2014', 'Jakarta', '658.403 8 SON-s', 'HIBAHAN BAPUSIPDA', 1, 1, 'BAPUSIPDA', NULL, NULL),
(513, 'Rothschild Dynasty : Menungungkap Garis Keturunan Zionis Dan Strategi Nenek Moyang Mereka Dalam Meng', 76, 80, '2014', 'Jakarta', '332.109 22 COL-r', 'HIBAHAN BAPUSIPDA', 1, 1, 'BAPUSIPDA', NULL, NULL),
(514, 'Rothschild Dynasty : Menungungkap Garis Keturunan Zionis Dan Strategi Nenek Moyang Mereka Dalam Meng', 76, 80, '2014', 'Jakarta', '332.109 22 COL-r', 'HIBAHAN BAPUSIPDA', 1, 1, 'BAPUSIPDA', NULL, NULL),
(515, 'Psikolinguistik', 215, 56, '2009', 'Bandung', '401.9 HEN-p', 'HIBAHAN BAPUSIPDA', 1, 1, 'BAPUSIPDA', NULL, NULL),
(516, 'Psikolinguistik', 215, 56, '2009', 'Bandung', '401.9 HEN-p', 'HIBAHAN BAPUSIPDA', 1, 1, 'BAPUSIPDA', NULL, NULL),
(517, 'Sejarah Kecil ( Petite Historie ) Indonesia Jilid 5 : Sang Pelopor Tokoh-Tokoh Sepanjang Perjalanan ', 248, 223, '2012', 'Jakarta', '920.059 8 ROS-s', 'HIBAHAN BAPUSIPDA', 1, 1, 'BAPUSIPDA', NULL, NULL),
(518, 'Sejarah Kecil ( Petite Historie ) Indonesia Jilid 5 : Sang Pelopor Tokoh-Tokoh Sepanjang Perjalanan ', 248, 223, '2012', 'Jakarta', '920.059 8 ROS-s', 'HIBAHAN BAPUSIPDA', 1, 1, 'BAPUSIPDA', NULL, NULL),
(519, 'Teori dan Praktek Pendidikan Karakter & Kewirausahaan', 84, 240, '2013', 'Bandung', '370.114 PRA-t', 'HIBAHAN BAPUSIPDA', 1, 1, 'BAPUSIPDA', NULL, NULL),
(520, 'Teori dan Praktek Pendidikan Karakter & Kewirausahaan', 84, 240, '2013', 'Bandung', '370.114 PRA-t', 'HIBAHAN BAPUSIPDA', 1, 1, 'BAPUSIPDA', NULL, NULL),
(521, 'Scholar : Panduan untuk Menjadi Mahasiswa Sukses', 160, 189, '2011', 'Jakarta', '371.223 MIC-s', 'HIBAHAN BAPUSIPDA', 1, 1, 'BAPUSIPDA', NULL, NULL),
(522, 'Scholar : Panduan untuk Menjadi Mahasiswa Sukses', 160, 189, '2011', 'Jakarta', '371.223 MIC-s', 'HIBAHAN BAPUSIPDA', 1, 1, 'BAPUSIPDA', NULL, NULL),
(523, 'Pendidikan Anti Korupsi', 139, 63, '2014', 'Yogyakarta', '364.132 307 MUH-p', 'HIBAHAN BAPUSIPDA', 1, 1, 'BAPUSIPDA', NULL, NULL),
(524, 'Pendidikan Anti Korupsi', 139, 63, '2014', 'Yogyakarta', '364.132 307 MUH-p', 'HIBAHAN BAPUSIPDA', 1, 1, 'BAPUSIPDA', NULL, NULL),
(525, 'Indigostar : Melacak Sosok Manusia Bintang Dalam Jagat Rekacita', 195, 317, '2009', 'Bandung', '331.11 SYA-i', 'HIBAHAN BAPUSIPDA', 1, 1, 'BAPUSIPDA', NULL, NULL),
(526, 'Indigostar : Melacak Sosok Manusia Bintang Dalam Jagat Rekacita', 195, 317, '2009', 'Bandung', '331.11 SYA-i', 'HIBAHAN BAPUSIPDA', 1, 1, 'BAPUSIPDA', NULL, NULL),
(527, 'Menemukan Kerajaan Sunda', 252, 211, '0', 'Bandung', '959.82 SAL-m', 'HIBAHAN BAPUSIPDA', 1, 1, 'BAPUSIPDA', NULL, NULL),
(528, 'Menemukan Kerajaan Sunda', 252, 211, '0', 'Bandung', '959.82 SAL-m', 'HIBAHAN BAPUSIPDA', 1, 1, 'BAPUSIPDA', NULL, NULL),
(529, 'Produk Standar Ekonomi Syariah Dalam Kilas Sejarah', 197, 274, '2013', 'Yogyakarta', '297.273 NAS-p', 'HIBAHAN BAPUSIPDA', 1, 1, 'BAPUSIPDA', NULL, NULL),
(530, 'Produk Standar Ekonomi Syariah Dalam Kilas Sejarah', 197, 274, '2013', 'Yogyakarta', '297.273 NAS-p', 'HIBAHAN BAPUSIPDA', 1, 1, 'BAPUSIPDA', NULL, NULL),
(531, 'Pengendalian Mutu Statisits', 118, 120, '0', 'Jakarta', '658.401 3 GRA-p', 'HIBAHAN BAPUSIPDA', 1, 1, 'BAPUSIPDA', NULL, NULL),
(532, 'Pengendalian Mutu Statisits', 118, 120, '0', 'Jakarta', '658.401 3 GRA-p', 'HIBAHAN BAPUSIPDA', 1, 1, 'BAPUSIPDA', NULL, NULL),
(533, 'Cyber Law : Aspek Hukum Teknologi Informasi', 90, 285, '2009', 'Bandung', '003.502 6 DIK-c', 'HIBAHAN BAPUSIPDA', 1, 1, 'BAPUSIPDA', NULL, NULL),
(534, 'Cyber Law : Aspek Hukum Teknologi Informasi', 90, 285, '2009', 'Bandung', '003.502 6 DIK-c', 'HIBAHAN BAPUSIPDA', 1, 1, 'BAPUSIPDA', NULL, NULL),
(535, 'Menjadi Wirausaha Sukses', 25, 294, '2011', 'Bandung', '338.04 ARI-m', 'HIBAHAN BAPUSIPDA', 1, 1, 'BAPUSIPDA', NULL, NULL),
(536, 'Menjadi Wirausaha Sukses', 25, 294, '2011', 'Bandung', '338.04 ARI-m', 'HIBAHAN BAPUSIPDA', 1, 1, 'BAPUSIPDA', NULL, NULL),
(537, 'Dasar - Dasar Pemasaran Bank', 138, 6, '2011', 'Bandung', '332.1 DJA-d', 'HIBAHAN BAPUSIPDA', 1, 1, 'BAPUSIPDA', NULL, NULL),
(538, 'Dasar - Dasar Pemasaran Bank', 138, 6, '2011', 'Bandung', '332.1 DJA-d', 'HIBAHAN BAPUSIPDA', 1, 1, 'BAPUSIPDA', NULL, NULL),
(539, 'Empat Pilar Berbangsa Dan Bernegara', 229, 310, '2011', 'Jakarta', '320.5 KAN-e', 'HIBAHAN BAPUSIPDA', 1, 1, 'BAPUSIPDA', NULL, NULL),
(540, 'Empat Pilar Berbangsa Dan Bernegara', 229, 310, '2011', 'Jakarta', '320.5 KAN-e', 'HIBAHAN BAPUSIPDA', 1, 1, 'BAPUSIPDA', NULL, NULL),
(541, 'Hukum Perikatan Berdasar Buku III KUH Perdata', 55, 269, '2011', 'Yogyakarta', '346.02 ACH-h', 'HIBAHAN BAPUSIPDA', 1, 1, 'BAPUSIPDA', NULL, NULL),
(542, 'Hukum Perikatan Berdasar Buku III KUH Perdata', 55, 269, '2011', 'Yogyakarta', '346.02 ACH-h', 'HIBAHAN BAPUSIPDA', 1, 1, 'BAPUSIPDA', NULL, NULL),
(543, 'Ilmu Sosial Budaya Dasar', 99, 24, '2013', 'Yogyakarta', '300 ILM', 'HIBAHAN BAPUSIPDA', 1, 1, 'BAPUSIPDA', NULL, NULL),
(544, 'Ilmu Sosial Budaya Dasar', 99, 24, '2013', 'Yogyakarta', '300 ILM', 'HIBAHAN BAPUSIPDA', 1, 1, 'BAPUSIPDA', NULL, NULL),
(545, 'Sharia Economics 2.0 : Ekonomi Syariah untuk Kita', 189, 304, '2013', 'Jakarta', '297.273 MUH-s', 'HIBAHAN BAPUSIPDA', 1, 1, 'BAPUSIPDA', NULL, NULL),
(546, 'Sharia Economics 2.0 : Ekonomi Syariah untuk Kita', 189, 304, '2013', 'Jakarta', '297.273 MUH-s', 'HIBAHAN BAPUSIPDA', 1, 1, 'BAPUSIPDA', NULL, NULL),
(547, 'Negeri 5 Menara', 1, 184, '2013', 'Jakarta', '899.221 3 FUA-n', 'HIBAHAN BAPUSIPDA', 1, 1, 'BAPUSIPDA', NULL, NULL),
(548, 'Negeri 5 Menara', 1, 184, '2013', 'Jakarta', '899.221 3 FUA-n', 'HIBAHAN BAPUSIPDA', 1, 1, 'BAPUSIPDA', NULL, NULL),
(549, 'Ranah 3 Warna', 1, 187, '2013', 'Jakarta', '899.221 3 FUA-r', 'HIBAHAN BAPUSIPDA', 1, 1, 'BAPUSIPDA', NULL, NULL),
(550, 'Ranah 3 Warna', 1, 187, '2013', 'Jakarta', '899.221 3 FUA-r', 'HIBAHAN BAPUSIPDA', 1, 1, 'BAPUSIPDA', NULL, NULL),
(551, 'Kiprah & Pemikiran Politik Tokoh-Tokoh Bangsa', 266, 204, '2014', 'Yogyakarta', '153.42 SUL-k', 'HIBAHAN BAPUSIPDA', 1, 1, 'BAPUSIPDA', NULL, NULL),
(552, 'Kiprah & Pemikiran Politik Tokoh-Tokoh Bangsa', 266, 204, '2014', 'Yogyakarta', '153.42 SUL-k', 'HIBAHAN BAPUSIPDA', 1, 1, 'BAPUSIPDA', NULL, NULL),
(553, 'Mudahnya Bikin Ilustrasi 3 Dimensi Dalam 1 Hari', 9, 48, '2011', 'Yogyakarta', '006.693 ADI-m', 'HIBAHAN BAPUSIPDA', 1, 1, 'BAPUSIPDA', NULL, NULL),
(554, 'Mudahnya Bikin Ilustrasi 3 Dimensi Dalam 1 Hari', 9, 48, '2011', 'Yogyakarta', '006.693 ADI-m', 'HIBAHAN BAPUSIPDA', 1, 1, 'BAPUSIPDA', NULL, NULL),
(555, 'Buku Saku Jantung Dasar', 158, 145, '2011', 'Bogor', '616.12 BUK', 'HIBAHAN BAPUSIPDA', 1, 1, 'BAPUSIPDA', NULL, NULL),
(556, 'Buku Saku Jantung Dasar', 158, 145, '2011', 'Bogor', '616.12 BUK', 'HIBAHAN BAPUSIPDA', 1, 1, 'BAPUSIPDA', NULL, NULL),
(557, 'Menulis Notasi dan Memainkan Musik dengan Sibelius 3', 41, 28, '2007', 'Yogyakarta', '780.148 CHA-m', 'HIBAHAN BAPUSIPDA', 1, 1, 'BAPUSIPDA', NULL, NULL),
(558, 'Menulis Notasi dan Memainkan Musik dengan Sibelius 3', 41, 28, '2007', 'Yogyakarta', '780.148 CHA-m', 'HIBAHAN BAPUSIPDA', 1, 1, 'BAPUSIPDA', NULL, NULL),
(559, 'Manajemen Sumber Daya Manusia Strategik : Edisi Kedua', 218, 147, '2011', 'Bogor', '658.3 SJA-m', 'HIBAHAN BAPUSIPDA', 1, 1, 'BAPUSIPDA', NULL, NULL),
(560, 'Manajemen Sumber Daya Manusia Strategik : Edisi Kedua', 218, 147, '2011', 'Bogor', '658.3 SJA-m', 'HIBAHAN BAPUSIPDA', 1, 1, 'BAPUSIPDA', NULL, NULL),
(561, 'Panduan Perancangan Bangunan Komersial', 116, 53, '2008', 'Yogyakarta', '7269.2 END-p', 'HIBAHAN BAPUSIPDA', 1, 1, 'BAPUSIPDA', NULL, NULL),
(562, 'Panduan Perancangan Bangunan Komersial', 116, 53, '2008', 'Yogyakarta', '7269.2 END-p', 'HIBAHAN BAPUSIPDA', 1, 1, 'BAPUSIPDA', NULL, NULL),
(563, 'Rencana dan Estimate Real of Cost', 137, 72, '2012', 'Jakarta', '690.028 BAH-r', 'HIBAHAN BAPUSIPDA', 1, 1, 'BAPUSIPDA', NULL, NULL),
(564, 'Rencana dan Estimate Real of Cost', 137, 72, '2012', 'Jakarta', '690.028 BAH-r', 'HIBAHAN BAPUSIPDA', 1, 1, 'BAPUSIPDA', NULL, NULL),
(565, 'Panduan Praktis 3D Studio Max 2010 untuk Pemodelan 3 Dimensi Profesional', 282, 44, '2010', 'Yogyakarta', '006.693 PAN', 'HIBAHAN BAPUSIPDA', 1, 1, 'BAPUSIPDA', NULL, NULL),
(566, 'Panduan Praktis 3D Studio Max 2010 untuk Pemodelan 3 Dimensi Profesional', 282, 44, '2010', 'Yogyakarta', '006.693 PAN', 'HIBAHAN BAPUSIPDA', 1, 1, 'BAPUSIPDA', NULL, NULL),
(567, 'Kebudayaan : Sebuah Agenda ( Dalam Bingkai Pulau Timor dan Sekitarnya )', 134, 192, '2013', 'Jakarta', '306.09598702 KEB', 'HIBAHAN BAPUSIPDA', 1, 1, 'BAPUSIPDA', NULL, NULL),
(568, 'Kebudayaan : Sebuah Agenda ( Dalam Bingkai Pulau Timor dan Sekitarnya )', 134, 192, '2013', 'Jakarta', '306.09598702 KEB', 'HIBAHAN BAPUSIPDA', 1, 1, 'BAPUSIPDA', NULL, NULL),
(569, 'Ikhtisar Sejarah Sastera Indonesia', 16, 278, '2013', 'Bandung', '899.221 AJI-i', 'HIBAHAN BAPUSIPDA', 1, 1, 'BAPUSIPDA', NULL, NULL),
(570, 'Ikhtisar Sejarah Sastera Indonesia', 16, 278, '2013', 'Bandung', '899.221 AJI-i', 'HIBAHAN BAPUSIPDA', 1, 1, 'BAPUSIPDA', NULL, NULL),
(571, 'Psikologi Pembelajaran', 250, 82, '2013', 'Bandung', '370.152 3 RUS-p', 'HIBAHAN BAPUSIPDA', 1, 1, 'BAPUSIPDA', NULL, NULL),
(572, 'Psikologi Pembelajaran', 250, 82, '2013', 'Bandung', '370.152 3 RUS-p', 'HIBAHAN BAPUSIPDA', 1, 1, 'BAPUSIPDA', NULL, NULL),
(573, 'Termodinamika', 15, 154, '2013', 'Yogyakarta', '536.7 AIN-t', 'HIBAHAN BAPUSIPDA', 1, 1, 'BAPUSIPDA', NULL, NULL),
(574, 'Termodinamika', 15, 154, '2013', 'Yogyakarta', '536.7 AIN-t', 'HIBAHAN BAPUSIPDA', 1, 1, 'BAPUSIPDA', NULL, NULL),
(575, 'Pengantar Komputasi Numerik dengan Matlab', 102, 49, '2005', 'Yogyakarta', '005.365 SAH-p', 'HIBAHAN BAPUSIPDA', 1, 1, 'BAPUSIPDA', NULL, NULL),
(576, 'Pengantar Komputasi Numerik dengan Matlab', 102, 49, '2005', 'Yogyakarta', '005.365 SAH-p', 'HIBAHAN BAPUSIPDA', 1, 1, 'BAPUSIPDA', NULL, NULL),
(577, 'Perpajakan Indonesia : Edisi 11', 283, 318, '2014', 'Jakarta', '336.201 259 8 WAL-p', 'HIBAHAN BAPUSIPDA', 1, 1, 'BAPUSIPDA', NULL, NULL),
(578, 'Perpajakan Indonesia : Edisi 11', 283, 318, '2014', 'Jakarta', '336.201 259 8 WAL-p', 'HIBAHAN BAPUSIPDA', 1, 1, 'BAPUSIPDA', NULL, NULL),
(579, 'Batik : Warisan Adiluhung Nusantara', 29, 25, '2011', 'Yogyakarta', '746.662 AST-b', 'HIBAHAN BAPUSIPDA', 1, 1, 'BAPUSIPDA', NULL, NULL),
(580, 'Batik : Warisan Adiluhung Nusantara', 29, 25, '2011', 'Yogyakarta', '746.662 AST-b', 'HIBAHAN BAPUSIPDA', 1, 1, 'BAPUSIPDA', NULL, NULL),
(581, 'Model - Model Komunikasi : Perspektif Pohon Komunikasi', 222, 322, '2013', 'Bandung', '302.2 NIN-m', 'HIBAHAN BAPUSIPDA', 1, 1, 'BAPUSIPDA', NULL, NULL),
(582, 'Model - Model Komunikasi : Perspektif Pohon Komunikasi', 222, 322, '2013', 'Bandung', '302.2 NIN-m', 'HIBAHAN BAPUSIPDA', 1, 1, 'BAPUSIPDA', NULL, NULL),
(583, 'Kimia Lingkungan', 85, 15, '2004', 'Yogyakarta', '541 RUK-k', 'HIBAHAN BAPUSIPDA', 1, 1, 'BAPUSIPDA', NULL, NULL),
(584, 'Kimia Lingkungan', 85, 15, '2004', 'Yogyakarta', '541 RUK-k', 'HIBAHAN BAPUSIPDA', 1, 1, 'BAPUSIPDA', NULL, NULL),
(585, 'A Sampai Z Arsenal FC', 202, 75, '2013', 'Jakarta', '796.334 ASA', 'HIBAHAN BAPUSIPDA', 1, 1, 'BAPUSIPDA', NULL, NULL),
(586, 'A Sampai Z Arsenal FC', 202, 75, '2013', 'Jakarta', '796.334 ASA', 'HIBAHAN BAPUSIPDA', 1, 1, 'BAPUSIPDA', NULL, NULL),
(587, 'Sistem Perbankan Syariah di Indonesia dalam Perspektif Fikih Ekonomi', 94, 127, '2014', 'Yogyakarta', '332.1 SYU-s', 'HIBAHAN BAPUSIPDA', 1, 1, 'BAPUSIPDA', NULL, NULL),
(588, 'Sistem Perbankan Syariah di Indonesia dalam Perspektif Fikih Ekonomi', 94, 127, '2014', 'Yogyakarta', '332.1 SYU-s', 'HIBAHAN BAPUSIPDA', 1, 1, 'BAPUSIPDA', NULL, NULL),
(589, 'Teks & Atlas Berwarna Patofisiologi', 127, 263, '2014', 'Jakarta', '572.8 SIL-t', 'HIBAHAN BAPUSIPDA', 1, 1, 'BAPUSIPDA', NULL, NULL),
(590, 'Teks & Atlas Berwarna Patofisiologi', 127, 263, '2014', 'Jakarta', '572.8 SIL-t', 'HIBAHAN BAPUSIPDA', 1, 1, 'BAPUSIPDA', NULL, NULL),
(591, 'The Value Investor', 245, 96, '2009', 'Jakarta', '923.3 CHA-v', 'HIBAHAN BAPUSIPDA', 1, 1, 'BAPUSIPDA', NULL, NULL),
(592, 'The Value Investor', 245, 96, '2009', 'Jakarta', '923.3 CHA-v', 'HIBAHAN BAPUSIPDA', 1, 1, 'BAPUSIPDA', NULL, NULL),
(593, 'Mereka Besar Karena Membaca', 265, 226, '2012', 'Bandung', '923.2 SUH-m', 'HIBAHAN BAPUSIPDA', 1, 1, 'BAPUSIPDA', NULL, NULL),
(594, 'Mereka Besar Karena Membaca', 265, 226, '2012', 'Bandung', '923.2 SUH-m', 'HIBAHAN BAPUSIPDA', 1, 1, 'BAPUSIPDA', NULL, NULL),
(595, 'Anti Partai', 58, 166, '2010', 'Depok', '342.209 598 BIM-a', 'HIBAHAN BAPUSIPDA', 1, 1, 'BAPUSIPDA', NULL, NULL),
(596, 'Anti Partai', 58, 166, '2010', 'Depok', '342.209 598 BIM-a', 'HIBAHAN BAPUSIPDA', 1, 1, 'BAPUSIPDA', NULL, NULL),
(597, 'Bongkar Pasang Konstruksi Politik Indonesia ala 6 Presiden', 203, 158, '2009', 'Depok', '320.959 8 PAL-b', 'HIBAHAN BAPUSIPDA', 1, 1, 'BAPUSIPDA', NULL, NULL),
(598, 'Bongkar Pasang Konstruksi Politik Indonesia ala 6 Presiden', 203, 158, '2009', 'Depok', '320.959 8 PAL-b', 'HIBAHAN BAPUSIPDA', 1, 1, 'BAPUSIPDA', NULL, NULL),
(599, 'Menyimak Sebagai Suatu Keterampilan Berbahasa', 215, 57, '2013', 'Bandung', '410.18 HEN-m', 'HIBAHAN BAPUSIPDA', 1, 1, 'BAPUSIPDA', NULL, NULL),
(600, 'Menyimak Sebagai Suatu Keterampilan Berbahasa', 215, 57, '2013', 'Bandung', '410.18 HEN-m', 'HIBAHAN BAPUSIPDA', 1, 1, 'BAPUSIPDA', NULL, NULL),
(601, 'Memelihari Sunda : Bahasa, Seni, dan Sastra', 259, 273, '2013', 'Bandung', '899.223 2 MEM', 'HIBAHAN BAPUSIPDA', 1, 1, 'BAPUSIPDA', NULL, NULL),
(602, 'Memelihari Sunda : Bahasa, Seni, dan Sastra', 259, 273, '2013', 'Bandung', '899.223 2 MEM', 'HIBAHAN BAPUSIPDA', 1, 1, 'BAPUSIPDA', NULL, NULL),
(603, 'Rantau 1 Muara', 1, 182, '2013', 'Jakarta', '899.221 3 FUA-r', 'HIBAHAN BAPUSIPDA', 1, 1, 'BAPUSIPDA', NULL, NULL),
(604, 'Rantau 1 Muara', 1, 182, '2013', 'Jakarta', '899.221 3 FUA-r', 'HIBAHAN BAPUSIPDA', 1, 1, 'BAPUSIPDA', NULL, NULL),
(605, 'Wanita-Wanita yang Mengubah Dunia', 247, 101, '2007', 'Jakarta', '923.2 HOR-w', 'HIBAHAN BAPUSIPDA', 1, 1, 'BAPUSIPDA', NULL, NULL),
(606, 'Wanita-Wanita yang Mengubah Dunia', 247, 101, '2007', 'Jakarta', '923.2 HOR-w', 'HIBAHAN BAPUSIPDA', 1, 1, 'BAPUSIPDA', NULL, NULL),
(607, 'Exercise for Your Health', 10, 197, '2008', 'Bandung', '613.71 ARD-e', 'HIBAHAN BAPUSIPDA', 1, 1, 'BAPUSIPDA', NULL, NULL),
(608, 'Exercise for Your Health', 10, 197, '2008', 'Bandung', '613.71 ARD-e', 'HIBAHAN BAPUSIPDA', 1, 1, 'BAPUSIPDA', NULL, NULL),
(609, 'Wisata Hemat Australia : Sydney & Blue Mountains', 11, 91, '2013', 'Jakarta', '910.994 AGU-w', 'HIBAHAN BAPUSIPDA', 1, 1, 'BAPUSIPDA', NULL, NULL),
(610, 'Wisata Hemat Australia : Sydney & Blue Mountains', 11, 91, '2013', 'Jakarta', '910.994 AGU-w', 'HIBAHAN BAPUSIPDA', 1, 1, 'BAPUSIPDA', NULL, NULL),
(611, 'Love Me If You Dare', 39, 178, '2014', 'Jakarta', '813 PHI-c', 'HIBAHAN BAPUSIPDA', 1, 1, 'BAPUSIPDA', NULL, NULL),
(612, 'Love Me If You Dare', 39, 178, '2014', 'Jakarta', '813 PHI-c', 'HIBAHAN BAPUSIPDA', 1, 1, 'BAPUSIPDA', NULL, NULL),
(613, 'Undang - Undang Peradilan Indonesia', 123, 132, '2010', 'Bandung', '347.598 01 HIM', 'HIBAHAN BAPUSIPDA', 1, 1, 'BAPUSIPDA', NULL, NULL),
(614, 'Undang - Undang Peradilan Indonesia', 123, 132, '2010', 'Bandung', '347.598 01 HIM', 'HIBAHAN BAPUSIPDA', 1, 1, 'BAPUSIPDA', NULL, NULL),
(615, 'Imam Syafi''i : Pelopor Fikih dah Sastra', 81, 123, '2009', 'Jakarta', '922.97 MUH-i', 'HIBAHAN BAPUSIPDA', 1, 1, 'BAPUSIPDA', NULL, NULL),
(616, 'Imam Syafi''i : Pelopor Fikih dah Sastra', 81, 123, '2009', 'Jakarta', '922.97 MUH-i', 'HIBAHAN BAPUSIPDA', 1, 1, 'BAPUSIPDA', NULL, NULL),
(617, 'Pengantar Logika Informatika, Algoritma, dan Pemrograman Komputer', 147, 38, '2005', 'Yogyakarta', '005.131 HER-p', 'HIBAHAN BAPUSIPDA', 1, 1, 'BAPUSIPDA', NULL, NULL),
(618, 'Pengantar Logika Informatika, Algoritma, dan Pemrograman Komputer', 147, 38, '2005', 'Yogyakarta', '005.131 HER-p', 'HIBAHAN BAPUSIPDA', 1, 1, 'BAPUSIPDA', NULL, NULL),
(619, 'Agunan Kredit Dalam Financial Engineering', 278, 138, '2009', 'Bogor', '332.7 TRY-a', 'HIBAHAN BAPUSIPDA', 1, 1, 'BAPUSIPDA', NULL, NULL),
(620, 'Agunan Kredit Dalam Financial Engineering', 278, 138, '2009', 'Bogor', '332.7 TRY-a', 'HIBAHAN BAPUSIPDA', 1, 1, 'BAPUSIPDA', NULL, NULL),
(621, 'Ilmu Informasi, Komunikasi, dan Kepustakaan', 101, 73, '2013', 'Jakarta', '302.22 PAW-i', 'HIBAHAN BAPUSIPDA', 1, 1, 'BAPUSIPDA', NULL, NULL),
(622, 'Ilmu Informasi, Komunikasi, dan Kepustakaan', 101, 73, '2013', 'Jakarta', '302.22 PAW-i', 'HIBAHAN BAPUSIPDA', 1, 1, 'BAPUSIPDA', NULL, NULL),
(623, 'Kitab Undang - Undang HaKI : Hak Kekayaan Intelektual', 123, 131, '2013', 'Bandung', '346.04 KIT', 'HIBAHAN BAPUSIPDA', 1, 1, 'BAPUSIPDA', NULL, NULL),
(624, 'Kitab Undang - Undang HaKI : Hak Kekayaan Intelektual', 123, 131, '2013', 'Bandung', '346.04 KIT', 'HIBAHAN BAPUSIPDA', 1, 1, 'BAPUSIPDA', NULL, NULL),
(625, 'Platinum Track', 195, 316, '2009', 'Bandung', '158 SYA-p', 'HIBAHAN BAPUSIPDA', 1, 1, 'BAPUSIPDA', NULL, NULL),
(626, 'Platinum Track', 195, 316, '2009', 'Bandung', '158 SYA-p', 'HIBAHAN BAPUSIPDA', 1, 1, 'BAPUSIPDA', NULL, NULL),
(627, 'Ma''rifat al-Rusul ( Mengenal Rasul-rasul Allah )', 170, 235, '0', 'Bandung', '297.246 MUL-m', 'HIBAHAN BAPUSIPDA', 1, 1, 'BAPUSIPDA', NULL, NULL),
(628, 'Ma''rifat al-Rusul ( Mengenal Rasul-rasul Allah )', 170, 235, '0', 'Bandung', '297.246 MUL-m', 'HIBAHAN BAPUSIPDA', 1, 1, 'BAPUSIPDA', NULL, NULL),
(629, 'Ulum Al-Qur''an : Studi Perkembangan Pesantren Al-Qur''an', 170, 234, '0', 'Bandung', '297.122 MUC-u', 'HIBAHAN BAPUSIPDA', 1, 1, 'BAPUSIPDA', NULL, NULL),
(630, 'Ulum Al-Qur''an : Studi Perkembangan Pesantren Al-Qur''an', 170, 234, '0', 'Bandung', '297.122 MUC-u', 'HIBAHAN BAPUSIPDA', 1, 1, 'BAPUSIPDA', NULL, NULL),
(631, 'The Paradise Jurneys', 194, 281, '2011', 'Jakarta', '910.41 PAR', 'HIBAHAN BAPUSIPDA', 1, 1, 'BAPUSIPDA', NULL, NULL),
(632, 'The Paradise Jurneys', 194, 281, '2011', 'Jakarta', '910.41 PAR', 'HIBAHAN BAPUSIPDA', 1, 1, 'BAPUSIPDA', NULL, NULL),
(633, 'Menjelajah Dunia Komputer - Hidup dalam Era Digital : Edisi 15', 126, 319, '2010', 'Jakarta', '004 MEN', 'HIBAHAN BAPUSIPDA', 1, 1, 'BAPUSIPDA', NULL, NULL),
(634, 'Menjelajah Dunia Komputer - Hidup dalam Era Digital : Edisi 15', 126, 319, '2010', 'Jakarta', '004 MEN', 'HIBAHAN BAPUSIPDA', 1, 1, 'BAPUSIPDA', NULL, NULL),
(635, 'Ensiklopedia Akidah Islam', 228, 208, '2009', 'Jakarta', 'R 297.03 ENS', 'HIBAHAN BAPUSIPDA', 1, 1, 'BAPUSIPDA', NULL, NULL),
(636, 'Ensiklopedia Akidah Islam', 228, 208, '2009', 'Jakarta', 'R 297.03 ENS', 'HIBAHAN BAPUSIPDA', 1, 1, 'BAPUSIPDA', NULL, NULL),
(637, 'Dasar - Dasar Rekayasa Transportasi : Jilid 2 Edisi Ketiga', 38, 122, '2003', 'Jakarta', '388 KHI-d', 'HIBAHAN BAPUSIPDA', 1, 1, 'BAPUSIPDA', NULL, NULL),
(638, 'Dasar - Dasar Rekayasa Transportasi : Jilid 2 Edisi Ketiga', 38, 122, '2003', 'Jakarta', '388 KHI-d', 'HIBAHAN BAPUSIPDA', 1, 1, 'BAPUSIPDA', NULL, NULL),
(639, 'Kamus Lengkap Akor untuk Gitar Normal dan Kidal', 33, 37, '2013', 'Yogyakarta', 'R 787.870 3 BAY-k', 'HIBAHAN BAPUSIPDA', 1, 1, 'BAPUSIPDA', NULL, NULL),
(640, 'Kamus Lengkap Akor untuk Gitar Normal dan Kidal', 33, 37, '2013', 'Yogyakarta', 'R 787.870 3 BAY-k', 'HIBAHAN BAPUSIPDA', 1, 1, 'BAPUSIPDA', NULL, NULL),
(641, 'Sejarah Psikologi Modern', 105, 261, '2013', 'Bandung', '150 SCH-s', 'HIBAHAN BAPUSIPDA', 1, 1, 'BAPUSIPDA', NULL, NULL),
(642, 'Sejarah Psikologi Modern', 105, 261, '2013', 'Bandung', '150 SCH-s', 'HIBAHAN BAPUSIPDA', 1, 1, 'BAPUSIPDA', NULL, NULL),
(643, 'Limbah Kimia dalam Pencemaran Udara dan Air', 217, 54, '2011', 'Yogyakarta', '604.6 SUH-I', 'HIBAHAN BAPUSIPDA', 1, 1, 'BAPUSIPDA', NULL, NULL),
(644, 'Limbah Kimia dalam Pencemaran Udara dan Air', 217, 54, '2011', 'Yogyakarta', '604.6 SUH-I', 'HIBAHAN BAPUSIPDA', 1, 1, 'BAPUSIPDA', NULL, NULL),
(645, 'Nefertari Sang Ratu Heretik', 187, 114, '2009', 'Jakarta', '893.1 MOR-n', 'HIBAHAN BAPUSIPDA', 1, 1, 'BAPUSIPDA', NULL, NULL),
(646, 'Nefertari Sang Ratu Heretik', 187, 114, '2009', 'Jakarta', '893.1 MOR-n', 'HIBAHAN BAPUSIPDA', 1, 1, 'BAPUSIPDA', NULL, NULL),
(647, 'Selene Putri Sang Cleopatra', 187, 121, '2009', 'Jakarta', '893.1 MOR-s', 'HIBAHAN BAPUSIPDA', 1, 1, 'BAPUSIPDA', NULL, NULL),
(648, 'Selene Putri Sang Cleopatra', 187, 121, '2009', 'Jakarta', '893.1 MOR-s', 'HIBAHAN BAPUSIPDA', 1, 1, 'BAPUSIPDA', NULL, NULL),
(649, 'The Blue Diary of Mumbai', 162, 315, '2012', 'Bandung', '823 LEV-b', 'HIBAHAN BAPUSIPDA', 1, 1, 'BAPUSIPDA', NULL, NULL),
(650, 'The Blue Diary of Mumbai', 162, 315, '2012', 'Bandung', '823 LEV-b', 'HIBAHAN BAPUSIPDA', 1, 1, 'BAPUSIPDA', NULL, NULL),
(651, 'Wawasan Kebangsaan dalam NKRI', 221, 18, '2011', 'Yogyakarta', '320.54 MAD-w', 'HIBAHAN BAPUSIPDA', 1, 1, 'BAPUSIPDA', NULL, NULL),
(652, 'Wawasan Kebangsaan dalam NKRI', 221, 18, '2011', 'Yogyakarta', '320.54 MAD-w', 'HIBAHAN BAPUSIPDA', 1, 1, 'BAPUSIPDA', NULL, NULL),
(653, 'Kesusastraan Indonesia Di Masa Jepang', 136, 277, '2013', 'Bandung', '899.221 JAS-k', 'HIBAHAN BAPUSIPDA', 1, 1, 'BAPUSIPDA', NULL, NULL);

-- --------------------------------------------------------

--
-- Table structure for table `denda`
--

CREATE TABLE `denda` (
  `id` int(11) NOT NULL,
  `id_peminjaman` int(11) NOT NULL,
  `jumlah` varchar(255) DEFAULT NULL,
  `tanggal` date DEFAULT NULL
) ENGINE=InnoDB DEFAULT CHARSET=latin1;

-- --------------------------------------------------------

--
-- Table structure for table `migration`
--

CREATE TABLE `migration` (
  `version` varchar(180) NOT NULL,
  `apply_time` int(11) DEFAULT NULL
) ENGINE=InnoDB DEFAULT CHARSET=latin1;

--
-- Dumping data for table `migration`
--

INSERT INTO `migration` (`version`, `apply_time`) VALUES
('m000000_000000_base', 1490666226),
('m130524_201442_init', 1490666616);

-- --------------------------------------------------------

--
-- Table structure for table `peminjaman`
--

CREATE TABLE `peminjaman` (
  `id` int(11) NOT NULL,
  `id_buku` int(11) NOT NULL,
  `id_anggota` int(11) NOT NULL,
  `tanggal_peminjaman` date DEFAULT NULL,
  `tanggal_pengembalian` date DEFAULT NULL,
  `status` int(11) DEFAULT NULL
) ENGINE=InnoDB DEFAULT CHARSET=latin1;

-- --------------------------------------------------------

--
-- Table structure for table `penerbit`
--

CREATE TABLE `penerbit` (
  `id` int(11) NOT NULL,
  `nama` varchar(255) COLLATE utf8_unicode_ci NOT NULL,
  `alamat` varchar(255) COLLATE utf8_unicode_ci DEFAULT NULL
) ENGINE=InnoDB DEFAULT CHARSET=utf8 COLLATE=utf8_unicode_ci;

--
-- Dumping data for table `penerbit`
--

INSERT INTO `penerbit` (`id`, `nama`, `alamat`) VALUES
(1, 'Agung Ilmu ; IX ; 174 Hal ; Tabel ; 24 cm', NULL),
(2, 'Agung Ilmu ; IX ; 178 Hal ; Tabel ; 24 cm', NULL),
(3, 'Agung Ilmu ; IX ; 293 Hal ; Gambar ; 24 cm', NULL),
(4, 'Agung Ilmu ; VI ; 253 Hal ; Gambar ; 24 cm', NULL),
(5, 'Agung Ilmu ; XII ; 202 Hal ; Gambar ; 24 cm', NULL),
(6, 'Agung Ilmu ; XIV ; 213 Hal ; 24 cm', NULL),
(7, 'Al-Manar ; LVI ; 786 Hal ; 25 cm', NULL),
(8, 'Alfabeta ; IX ; 338 Hal ; Tabel ; 24 cm', NULL),
(9, 'Alfabeta ; VIII ; 112 Hal ; Gambar ; 22.5 cm', NULL),
(10, 'Alfabeta ; VIII ; 184 Hal ; Tabel ; 24 cm', NULL),
(11, 'Alfabeta ; VIII ; 208 Hal ; Gambar ; 24 cm', NULL),
(12, 'Alfabeta ; X ; 138 Hal ; Gambar ; 24 cm', NULL),
(13, 'Alfabeta ; XII ; 552 Hal ; Gambar ; 24 cm', NULL),
(14, 'Alfabeta ; XIV ; 406 Hal ; 24 cm', NULL),
(15, 'Andi ; IX ; 171 Hal ; Tabel ; 25 cm', NULL),
(16, 'Andi ; IX ; 229 Hal ; 23 cm', NULL),
(17, 'Andi ; V ; 262 Hal ; Gambar ; 23 cm', NULL),
(18, 'Andi ; VI ; 106 Hal ; 20.5 cm', NULL),
(19, 'Andi ; VI ; 114 Hal ; Gambar ; 28 cm', NULL),
(20, 'Andi ; VI ; 118 Hal ; Gambar ; 21 cm', NULL),
(21, 'Andi ; VI ; 120 Hal ; Gambar ; 21 cm', NULL),
(22, 'Andi ; VI ; 130 Hal ; Gambar ; 19 cm', NULL),
(23, 'Andi ; VI ; 135 Hal ; Gambar ; 23 cm', NULL),
(24, 'Andi ; VI ; 175 Hal ; 23 cm', NULL),
(25, 'Andi ; VI ; 186 Hal ; Gambar ; 24.5 cm', NULL),
(26, 'Andi ; VI ; 315 Hal ; 19 cm', NULL),
(27, 'Andi ; VII ; 246 Hal ; Gambar ; 23 cm', NULL),
(28, 'Andi ; VIII ; 100 Hal ; Gambar ; 19 cm', NULL),
(29, 'Andi ; VIII ; 158 Hal ; Gambar ; 23 cm', NULL),
(30, 'Andi ; VIII ; 198 Hal ; Gambar ; 23 cm', NULL),
(31, 'Andi ; VIII ; 210 Hal ; Gambar ; 23 cm', NULL),
(32, 'Andi ; VIII ; 214 Hal ; Gambar ; 23 cm', NULL),
(33, 'Andi ; VIII ; 236 Hal ; Tabel ; 23 cm', NULL),
(34, 'Andi ; VIII ; 287 Hal ; Tabel ; 28 cm', NULL),
(35, 'Andi ; VIII ; 296 Hal ; Gambar ; 23 cm', NULL),
(36, 'Andi ; VIII ; 302 Hal ; 23 cm', NULL),
(37, 'Andi ; VIII ; 448 Hal ; Gambar ; 23 cm', NULL),
(38, 'Andi ; VIII ; 96 Hal ; Gambar ; 21 cm', NULL),
(39, 'Andi ; X ; 116 Hal ; Gambar ; 23 cm', NULL),
(40, 'Andi ; X ; 146 Hal ; Tabel ; 21 cm', NULL),
(41, 'Andi ; X ; 214 Hal ; Gambar ; 23 cm', NULL),
(42, 'Andi ; X ; 231 Hal ; Gambar ; 23 cm', NULL),
(43, 'Andi ; X ; 245 Hal ; Gambar ; 23 cm', NULL),
(44, 'Andi ; X ; 254 Hal ; Gambar ; 23 cm', NULL),
(45, 'Andi ; X ; 278 Hal ; Gambar ; 19 cm', NULL),
(46, 'Andi ; X ; 278 Hal ; Gambar ; 23 cm', NULL),
(47, 'Andi ; X ; 408 Hal ; Tabel ; 25 cm', NULL),
(48, 'Andi ; X ; 84 Hal ; Gambar ; 23 cm', NULL),
(49, 'Andi ; XII ; 500 Hal ; 23.5 cm', NULL),
(50, 'Andi ; XIV ; 354 Hal ; Tabel ; 23 cm', NULL),
(51, 'Andi ; XVI ; 250 Hal ; 23 cm', NULL),
(52, 'Andi ; XVIII ; 312 Hal ; 23 cm', NULL),
(53, 'Andi ; XX ; 384 Hal ; Gambar ; 23 cm', NULL),
(54, 'Andi ; XX ; 518 Hal ; Gambar ; 23 cm', NULL),
(55, 'Andi ; XXII ; 222 Hal ; Gambar ; 23 cm', NULL),
(56, 'Angkasa ; VIII ; 300 Hal ; Tabel ; 21 cm', NULL),
(57, 'Angkasa ; X ; 211 Hal ; 21 cm', NULL),
(58, 'Angkasa Bandung ; IV ; 128 Hal ; Tabel ; 21 cm', NULL),
(59, 'Angkasa Bandung ; VI ; 110 Hal ; Gambar ; 21 cm', NULL),
(60, 'Angkasa Bandung ; VI ; 162 Hal ; 21 cm', NULL),
(61, 'Angkasa Bandung ; VIII ; 151 Hal ; 21 cm', NULL),
(62, 'Angkasa Bandung ; XII ; 294 Hal ; Gambar ; 21 cm', NULL),
(63, 'Ar-Ruzz ; 220 Hal ; 21 cm', NULL),
(64, 'Ar-Ruzz ; 298 Hal ; Gambar ; 24 cm', NULL),
(65, 'Ar-Ruzz ; 475 Hal ; Gambar ; 25.5 cm', NULL),
(66, 'Budaya Media ; XVII ; 190 Hal ; Gambar ; 21 cm', NULL),
(67, 'Buku Litera ; XX ; 296 Hal ; Gambar ; 24 cm', NULL),
(68, 'Bumi Aksara ; 228 Hal ; Gambar ; 20.5 cm', NULL),
(69, 'Bumi Aksara ; IX ; 218 Hal ; 20.5 cm', NULL),
(70, 'Bumi Aksara ; VIII ; 172 Hal ; Tabel ; 20.5 cm', NULL),
(71, 'Bumi Aksara ; XI ; 132 Hal ; 23 cm', NULL),
(72, 'Bumi Aksara ; XII ; 277 Hal ; Tabel ; 24.5 cm', NULL),
(73, 'Bumi Aksara ; XVII ; 489 Hal ; 23 cm', NULL),
(74, 'Bumi Aksara ; XX ; 377 Hal ; 20.5 cm', NULL),
(75, 'Change Publication ; 152 Hal ; Gambar ; 23 cm', NULL),
(76, 'Change Publication ; 249 Hal ; 23 cm', NULL),
(77, 'Change Publication ; XIX ; 262 Hal ; Gambar ; 23 cm', NULL),
(78, 'Change Publication ; XV ; 326 Hal ; Gambar ; 23 cm', NULL),
(79, 'Change Publication ; XVIII ; 266 Hal ; Gambar ; 25 cm', NULL),
(80, 'Change Publication ; XVIII ; 341 Hal ; 23 cm', NULL),
(81, 'Cipta Pesona Sejahtera ; VI ; 182 Hal ; 20.5 cm', NULL),
(82, 'Cipta Pesona Sejahtera ; VIII ; 372 Hal ; 20.5 cm', NULL),
(83, 'Edukasia Press ; VIII ; 152 Hal ; 21 cm', NULL),
(84, 'Elex Media Komputindo ; 177 Hal ; Gambar ; 21 cm', NULL),
(85, 'Elex Media Komputindo ; 202 Hal ; Gambar ; 19 cm', NULL),
(86, 'Elex Media Komputindo ; 361 Hal ; Gambar ; 18.5 cm', NULL),
(87, 'Elex Media Komputindo ; 466 Hal ; Gambar ; 24 cm', NULL),
(88, 'Elex Media Komputindo ; IX ; 270 Hal ; Gambar ; 18 cm', NULL),
(89, 'Elex Media Komputindo ; LXXII ; 231 Hal ; Gambar ; 21 cm', NULL),
(90, 'Elex Media Komputindo ; VIII ; 111 Hal ; Gambar ; 18 cm', NULL),
(91, 'Elex Media Komputindo ; X ; 206 Hal ; Gambar ; 18 cm', NULL),
(92, 'Elex Media Komputindo ; XI ; 235 Hal ; Gambar ; 21 cm', NULL),
(93, 'Elex Media Komputindo ; XII ; 258 Hal ; Gambar ; 18 cm', NULL),
(94, 'Elex Media Komputindo ; XII ; 300 Hal ; Tabel ; 21 cm', NULL),
(95, 'Elex Media Komputindo ; XIII ; 221 Hal ; 23 cm', NULL),
(96, 'Elex Media Komputindo ; XVI ; 248 Hal ; 23 cm', NULL),
(97, 'Elex Media Komputindo ; XVIII ; 129 Hal ; Gambar ; 21 cm', NULL),
(98, 'Elex Media Komputindo ; XXIII ; 184 Hal ; Gambar ; 21 cm', NULL),
(99, 'Elex Media Komputindo ; XXV ; 162 Hal ; Gambar ; 23 cm', NULL),
(100, 'Erlangga ; 111 Hal ; Gambar ; 21 cm', NULL),
(101, 'Erlangga ; 117 Hal ; Gambar ; 16 cm', NULL),
(102, 'Erlangga ; 232 Hal ; Gambar ; 27 cm', NULL),
(103, 'Erlangga ; 341 Hal ; 17 cm', NULL),
(104, 'Erlangga ; 392 Hal ; Tabel ; 23 cm', NULL),
(105, 'Erlangga ; 413 Hal ; 17.5 cm', NULL),
(106, 'Erlangga ; 429 Hal ; 17.5 cm', NULL),
(107, 'Erlangga ; 522 Hal ; 20.5 cm', NULL),
(108, 'Erlangga ; 551 Hal ; 23.5 cm', NULL),
(109, 'Erlangga ; 581 Hal ; 20.5 cm', NULL),
(110, 'Erlangga ; 63 Hal ; Gambar ; 28.5 cm', NULL),
(111, 'Erlangga ; 639 Hal ; Tabel ; 19 cm', NULL),
(112, 'Erlangga ; 700 Hal ; Gambar ; 19 cm', NULL),
(113, 'Erlangga ; 72 Hal ; Gambar ; 28 cm', NULL),
(114, 'Erlangga ; IX ; 443 Hal ; 20.5 cm', NULL),
(115, 'Erlangga ; VIII ; 267 Hal ; Gambar ; 26.5 cm', NULL),
(116, 'Erlangga ; XI ; 424 Hal ; 23 cm', NULL),
(117, 'Erlangga ; XII ; 200 Hal ; Tabel ; 25 cm', NULL),
(118, 'Erlangga ; XIII ; 234 Hal ; Gambar ; 21 cm', NULL),
(119, 'Erlangga ; XIII ; 254 Hal ; Tabel ; 23.5 cm', NULL),
(120, 'Erlangga ; XIII ; 331 Hal ; Tabel ; 24 cm', NULL),
(121, 'Erlangga ; XIV ; 499 Hal ; Gambar ; 20.5 cm', NULL),
(122, 'Erlangga ; XVIII ; 454 Hal ; Tabel ; 25 cm', NULL),
(123, 'Erlangga ; XXIV ; 118 Hal ; 19 cm', NULL),
(124, 'Erlangga ; XXIV ; 247 Hal ; Gambar ; 21 cm', NULL),
(125, 'Erlangga ; XXVIII ; 244 Hal ; 23 cm', NULL),
(126, 'Erlangga ; XXX ; 445 Hal ; Gambar ; 25.5 cm', NULL),
(127, 'Fajar Media Press ; XII ; 362 Hal ; 24 cm', NULL),
(128, 'Fajar Media Press ; XXVI ; 362 Hal ; Tabel ; 21 cm', NULL),
(129, 'Fokusmedia ; IX ; 168 Hal ; Tabel ; 24 cm', NULL),
(130, 'Fokusmedia ; IX ; 445 Hal ; 21 cm', NULL),
(131, 'Fokusmedia ; VI ; 458 Hal ; 20.5 cm', NULL),
(132, 'Fokusmedia ; VI ; 554 Hal ; 20.5 cm', NULL),
(133, 'Fokusmedia ; VII ; 872 Hal ; 21.5 cm', NULL),
(134, 'Fokusmedia ; XII ; 271 Hal ; 24 cm', NULL),
(135, 'Fokusmedia ; XII ; 391 Hal ; 20.5 cm', NULL),
(136, 'Ghalia Indonesia  ; VI ; 288 Hal , Gambar ; 23 cm', NULL),
(137, 'Ghalia Indonesia ; 200 Hal ; 23 cm', NULL),
(138, 'Ghalia Indonesia ; IX ; 350 Hal ; 23 cm', NULL),
(139, 'Ghalia Indonesia ; VII ; 258 Hal ; Gambar ; 23 cm', NULL),
(140, 'Ghalia Indonesia ; X ; 134 Hal ; 23cm', NULL),
(141, 'Ghalia Indonesia ; X ; 171 Hal ; Gambar ; 25 cm', NULL),
(142, 'Ghalia Indonesia ; X ; 188 Hal ; Tabel ; 23 cm', NULL),
(143, 'Ghalia Indonesia ; X ; 196 Hal ; Tabel ; 23 cm', NULL),
(144, 'Ghalia Indonesia ; X ; 290 Hal ; 23 cm', NULL),
(145, 'Ghalia Indonesia ; XI ; 132 Hal ; Tabel ; 20 cm', NULL),
(146, 'Ghalia Indonesia ; XI ; 332 Hal ; Gambar ; 23 cm', NULL),
(147, 'Ghalia Indonesia ; XII ; 267 Hal ; Tabel ; 25 cm', NULL),
(148, 'Grafindo Media Pratama ; 248 Hal ; 20 cm', NULL),
(149, 'Grafindo Media Pratama ; 372 Hal ; 20.5 cm', NULL),
(150, 'Grafindo Media Pratama ; X ; 262 Hal ; Gambar ; 21 cm', NULL),
(151, 'Grafindo Media Pratama ; XXX ; 586 Hal ; Gambar ; 24.5 cm', NULL),
(152, 'Grafindo Media Pratama ; XXXIV ; 593 Hal ; Gambar ; 25 cm', NULL),
(153, 'Graha Ilmu ; VII ; 139 Hal ; Gambar ; 26 cm', NULL),
(154, 'Graha Ilmu ; XI ; 318 Hal ; 25.5 cm', NULL),
(155, 'Graha Ilmu ; XII ; 190 Hal ; Gambar ; 26 cm', NULL),
(156, 'Graha Ilmu ; XII ; 324 Hal ; Gambar ; 23 cm', NULL),
(157, 'Gramata Publishing ; IX ; 200 Hal ; Gambar ; 25.5 cm', NULL),
(158, 'Gramata Publishing ; VII ; 240 Hal ; 21 cm', NULL),
(159, 'Gramata Publishing ; X ; 102 Hal ; Gambar ; 13.5 cm', NULL),
(160, 'Gramata Publishing ; X ; 103 Hal ; 25 cm', NULL),
(161, 'Gramata Publishing ; X ; 126 Hal ; 20.5 cm', NULL),
(162, 'Gramata Publishing ; X ; 134 Hal ; Gambar ; 21 cm', NULL),
(163, 'Gramata Publishing ; X ; 150 Hal ; Gambar ; 20.5 cm', NULL),
(164, 'Gramata Publishing ; X ; 150 Hal ; Gambar ; 21 cm', NULL),
(165, 'Gramata Publishing ; X ; 182 Hal ; Gambar ; 21.5 cm', NULL),
(166, 'Gramata Publishing ; X ; 188 Hal ; 20.5 cm', NULL),
(167, 'Gramata Publishing ; X ; 290 Hal ; 20.5 cm', NULL),
(168, 'Gramata Publishing ; XI ; 229 Hal ; Gambar ; 24 cm', NULL),
(169, 'Gramata Publishing ; XII ; 246 Hal ; Tabel ; 20.5 cm', NULL),
(170, 'Gramata Publishing ; XII ; 373 Hal ; Tabel ; 21 cm', NULL),
(171, 'Gramata Publishing ; XVI ; 244 Hal ; 20.5 cm', NULL),
(172, 'Gramata Publishing ; XVII ; 327 Hal ; 20.5 cm', NULL),
(173, 'Gramata Publishing ; XVIII ; 271 Hal ; 21 cm', NULL),
(174, 'Gramata Publishing ; XXII ; 957 Hal ; Tabel ; 26.5 cm', NULL),
(175, 'Gramata Publishing ; XXIV ; 421 Hal ; Tabel ; 25.5 cm', NULL),
(176, 'Gramata Publishing ; XXVI ; 312 Hal ; 20.5 cm', NULL),
(177, 'Gramedia Pustaka Utama ; 373 Hal ; 20 cm', NULL),
(178, 'Gramedia Pustaka Utama ; 387 Hal ; 18 cm', NULL),
(179, 'Gramedia Pustaka Utama ; 438 Hal ; 20 cm', NULL),
(180, 'Gramedia Pustaka Utama ; 481 Hal ; 21 cm', NULL),
(181, 'Gramedia Pustaka Utama ; 519 Hal ; 18 cm', NULL),
(182, 'Gramedia Pustaka Utama ; IX ; 407 Hal ; 20 cm', NULL),
(183, 'Gramedia Pustaka Utama ; XI ; 202 Hal ; 21 cm', NULL),
(184, 'Gramedia Pustaka Utama ; XI ; 425 Hal ; 20 cm', NULL),
(185, 'Gramedia Pustaka Utama ; XII ; 183 Hal ; Gambar ; 20 cm', NULL),
(186, 'Gramedia Pustaka Utama ; XII ; 235 Hal ; 20 cm', NULL),
(187, 'Gramedia Pustaka Utama ; XIII ; 477 Hal ; 20 cm', NULL),
(188, 'Gramedia Pustaka Utama ; XIV ; 124 Hal ; 20 cm', NULL),
(189, 'Gramedia Pustaka Utama ; XIV ; 189 Hal ; Gambar ; 21 cm', NULL),
(190, 'Gramedia Pustaka Utama ; XV ; 549 Hal ; 24 cm', NULL),
(191, 'Gramedia Pustaka Utama ; XVIII ; 344 Hal ; Gambar ; 23 cm', NULL),
(192, 'Gramedia Pustaka Utama ; XXIII ; 336 Hal ; 21 cm', NULL),
(193, 'Gramedia Pustaka Utama ; XXXV ; 174 Hal ; Gambar ; 24 cm', NULL),
(194, 'Grasindo ; 124 Hal ; Gambar ; 20 cm', NULL),
(195, 'Grasindo ; XIII ; 226 Hal ; Gambar ; 20 cm', NULL),
(196, 'Hayati Qualita ; IX ; 182 Hal ; 21 cm', NULL),
(197, 'Hayati Qualita ; VI ; 121 Hal ; 15 cm', NULL),
(198, 'Indeks ; VIII ; 329 Hal ; Gambar ; 28 cm', NULL),
(199, 'Indeks ; VIII ; 334 Hal ; Gambar ; 28 cm', NULL),
(200, 'Indeks ; VIII ; 374 Hal ; Gambar ; 28 cm', NULL),
(201, 'Indeks ; XVIII ; 470 Hal ; Tabel ; 28 cm', NULL),
(202, 'Indeks ; XXII ; 188 Hal ; Gambar ; 25 cm', NULL),
(203, 'IRCiSoD ; 220 Hal ; 20 cm', NULL),
(204, 'IRCiSoD ; 296 Hal ; 20 cm', NULL),
(205, 'Kanal Publika ; VIII ; 205 Hal ; 20.5 cm', NULL),
(206, 'Kencana ; X ; 105 Hal ; Tabel ; 20.5 cm', NULL),
(207, 'Kencana ; X ; 169 Hal ; Gambar ; 20.5 cm', NULL),
(208, 'Kencana ; XXXIV ; 727 Hal ; 23 cm', NULL),
(209, 'Kiblat Buku Utama ; 100 Hal ; 20.5 cm', NULL),
(210, 'Kiblat Buku Utama ; 100 Hal ; Gambar ; 21 cm', NULL),
(211, 'Kiblat Buku Utama ; 103 Hal ; Gambar ; 21 cm', NULL),
(212, 'Kiblat Buku Utama ; 376 Hal ; 21 cm', NULL),
(213, 'Kiblat Buku Utama ; 94 Hal ; Gambar ; 21 cm', NULL),
(214, 'Kompas ; 377 Hal ; 21 cm', NULL),
(215, 'Kompas ; XI ; 200 Hal ; Gambar ; 20 cm', NULL),
(216, 'Kompas ; XII ; 395 Hal ; Tabel ; 23 cm', NULL),
(217, 'Kompas ; XIII ; 210 Hal ; Gambar ; 21 cm', NULL),
(218, 'Kompas ; XIV ; 250 Hal ; Gambar ; 18.5 cm', NULL),
(219, 'Kompas ; XLIII ; 295 Hal ; Gambar ; 21 cm', NULL),
(220, 'Kompas ; XVI ; 264 Hal ; Gambar ; 21 cm', NULL),
(221, 'Kompas ; XVI ; 293 Hal ; 21 cm', NULL),
(222, 'Kompas ; XVI ; 328 Hal ; Gambar; 18 cm', NULL),
(223, 'Kompas ; XVIII ; 259 Hal ; Gambar ; 21 cm', NULL),
(224, 'Komunitas Bambu ; I ; 594 Hal ; Gambar ; 24 cm', NULL),
(225, 'Lily Publisher ; XII ; 244 Hal ; Gambar ; 23 cm', NULL),
(226, 'Literate Publishing ; XII ; 276 Hal ; Gambar ; 21 cm', NULL),
(227, 'Literate Publishing ; XIV ; 222 Hal ; Gambar ; 23 cm', NULL),
(228, 'LKiS ; IX ; 142 Hal ; 21 cm', NULL),
(229, 'LKiS ; XVIII ; 290 Hal ; Gambar ; 21 cm', NULL),
(230, 'LKiS ; XXII ; 371 Hal ; Tabel ; 20.5 cm', NULL),
(231, 'Makrifat ; 1337 Hal ; 21 cm', NULL),
(232, 'Makrifat ; 168 Hal ; Gambar ; 21 cm', NULL),
(233, 'Makrifat ; 260 Hal ; 20.5 cm', NULL),
(234, 'Makrifat ; 366 Hal ; 20.5 cm', NULL),
(235, 'Makrifat ; 378 Hal ; 21 cm', NULL),
(236, 'Marja ; 148 Hal ; 21 cm', NULL),
(237, 'Marja ; 236 Hal ; 21 cm', NULL),
(238, 'Maximalis ; 122 Hal ; Gambar ; 24.5 cm', NULL),
(239, 'Medium ; 112 Hal ; 20 cm', NULL),
(240, 'Mughni Sejahtera ; VI ; 134 Hal ; Tabel ; 21 cm', NULL),
(241, 'Nagara ; 215 Hal ; Tabel ; 20 cm', NULL),
(242, 'Nuansa ; 139 Hal ; Gambar ; 21 cm', NULL),
(243, 'Nuansa ; 153 Hal ; 23.5 cm', NULL),
(244, 'Nuansa ; 158 Hal ; Gambar ; 20.5 cm', NULL),
(245, 'Nuansa ; 195 Hal ; 21 cm', NULL),
(246, 'Nuansa ; 197 Hal ; 20.5 cm', NULL),
(247, 'Nuansa ; 200 Hal ; Gambar ; 25 cm', NULL),
(248, 'Nuansa ; 214 Hal ; Gambar ; 23 cm', NULL),
(249, 'Nuansa ; 236 Hal ; Gambar ; 25 cm', NULL),
(250, 'Nuansa ; 298 Hal ; Gambar ; 23.5 cm', NULL),
(251, 'Nuansa ; 301 Hal ; 23.5 cm', NULL),
(252, 'Nuansa ; 305 Hal ; 20 cm', NULL),
(253, 'Nuansa ; 352 Hal ; Tabel ; 23.5 cm', NULL),
(254, 'Nuansa ; 448 Hal ; 23.5 cm', NULL),
(255, 'Nuansa ; 498 Hal ; Gambar ; 23.5 cm', NULL),
(256, 'Nuansa Cendekia ; 244 Hal ; 20 cm', NULL),
(257, 'Nuansa Cendekia ; 273 Hal ; 20 cm', NULL),
(258, 'Nusa Media ; XIV ; 246 Hal ; 20.5 cm', NULL),
(259, 'Nusa Media ; XXIV ; 1004 Hal ; 24.5 cm', NULL),
(260, 'Nusamedia ; XI ; 348 Hal ; 21 cm', NULL),
(261, 'Nusamedia ; XXI ; 699 Hal ; 24.5 cm', NULL),
(262, 'Padibandung ; VIII ; 527 Hal ; 25.5 cm', NULL),
(263, 'Penerbit Buku Kedokteran EGC ; IX ; 397 Hal ; 24 cm', NULL),
(264, 'Penerbit Buku Kedokteran EGC ; X ; 697 Hal ; Tabel ; 13.5 cm', NULL),
(265, 'Penerbit Buku Kedokteran EGC ; XIV ; 407 Hal ; Gambar ; 21 cm', NULL),
(266, 'Penerbit Buku Kedokteran EGC ; XXVII ; 2500 Hal ; Gambar ; 30.5 cm', NULL),
(267, 'Pohon Cahaya ; 144 Hal ; 23 cm', NULL),
(268, 'Pohon Cahaya ; 96 Hal ; Gambar ; 21 cm', NULL),
(269, 'Pohon Cahaya ; VI ; 155 Hal ; 23 cm', NULL),
(270, 'Pohon Cahaya ; X ; 150 Hal ; 21 cm', NULL),
(271, 'Pohon Cahaya ; XVI ; 164 Hal ; 21 cm', NULL),
(272, 'Pohon Cahaya ; XXII ; 256 Hal ; 21 cm', NULL),
(273, 'Pusat Studi Sunda ; 158 Hal ; 21 cm', NULL),
(274, 'Pustaka Ilmu ; XIV ; 144 Hal ; 20 cm', NULL),
(275, 'Pustaka Ilmu ; XVIII ; 205 Hal ; 20.5 cm', NULL),
(276, 'Pustaka Jaya ; 144 Hal ; 21 cm', NULL),
(277, 'Pustaka Jaya ; 175 Hal ; 20.5 cm', NULL),
(278, 'Pustaka Jaya ; 249 Hal ; 21 cm', NULL),
(279, 'Pustaka Jaya ; 368 Hal ; 21 cm', NULL),
(280, 'Pustaka Jaya ; 81 Hal ; 21 cm', NULL),
(281, 'QultumMedia ; X ; 314 Hal ; Gambar ; 19 cm', NULL),
(282, 'Refika Aditama ; IX ; 248 Hal ; Tabel ; 24 cm', NULL),
(283, 'Refika Aditama ; X ; 205 Hal ; Tabel ; 24 cm', NULL),
(284, 'Refika Aditama ; X ; 222 Hal ; 19 cm', NULL),
(285, 'Refika Aditama ; XII ; 196 Hal ; 24 cm', NULL),
(286, 'Refika Aditama ; XIV ; 166 Hal ; Gambar ; 24 cm', NULL),
(287, 'Refika Aditama ; XXVI ; 212 Hal ; Gambar ; 24 cm', NULL),
(288, 'Remaja Rosdakarya ; VI ; 174 Hal ; Tabel ; 24 cm', NULL),
(289, 'Remaja Rosdakarya ; VI ; 210 Hal ; Gambar ; 24 cm', NULL),
(290, 'Remaja Rosdakarya ; VI ; 242 Hal ; Gambar ; 24 cm', NULL),
(291, 'Remaja Rosdakarya ; VII ; 184 Hal ; Gambar ; 28 cm', NULL),
(292, 'Remaja Rosdakarya ; VIII ; 112 Hal ; Gambar ; 24 cm', NULL),
(293, 'Remaja Rosdakarya ; VIII ; 172 Hal ; Gambar ; 24 cm', NULL),
(294, 'Remaja Rosdakarya ; VIII ; 196 Hal ; 24 cm', NULL),
(295, 'Remaja Rosdakarya ; VIII ; 276 Hal ; Tabel ; 24 cm', NULL),
(296, 'Remaja Rosdakarya ; X ; 167 Hal ; 24 cm', NULL),
(297, 'Remaja Rosdakarya ; XII ; 287 Hal ; Tabel ; 24 cm', NULL),
(298, 'Remaja Rosdakarya ; XII ; 88 Hal ; Tabel ; 24 cm', NULL),
(299, 'Remaja Rosdakarya ; XIV ; 142 Hal ; Gambar ; 24 cm', NULL),
(300, 'Remaja Rosdakarya ; XVI ; 205 Hal ; 24 cm', NULL),
(301, 'Remaja Rosdakarya ; XVI ; 412 Hal ; Gambar ; 24 cm', NULL),
(302, 'Republika ; VIII ; 373 Hal ; Gambar ; 20.5 cm', NULL),
(303, 'Republika ; X ; 142 Hal ; 19 cm', NULL),
(304, 'Republika ; X ; 295 Hal ; 23 cm', NULL),
(305, 'Republika ; XVII ; 163 Hal ; Tabel ; 20.5 cm', NULL),
(306, 'Republika ; XX ; 191 Hal ; 23.5 cm', NULL),
(307, 'Rineka Cipta ; VIII ; 220 Hal ; 20.5 cm', NULL),
(308, 'Rineka Cipta ; X ; 153 Hal ; Tabel ; 20.5 cm', NULL),
(309, 'Rineka Cipta ; X ; 179 Hal ; Gambar ; 23.5 cm', NULL),
(310, 'Rineka Cipta ; XI ; 271 Hal ; 23.5 cm', NULL),
(311, 'Rineka Cipta ; XIII ; 236 Hal ; 20.5 cm', NULL),
(312, 'Rineka Cipta ; XVI ; 321 Hal ; 20.5 cm', NULL),
(313, 'Sagung Seto ; X ; 479 Hal ; Gambar ; 23.5 cm', NULL),
(314, 'Sagung Seto ; XIII ; 478 Hal ; Gambar ; 24 cm', NULL),
(315, 'Salamadani ; 340 Hal ; Gambar ; 20.5 cm', NULL),
(316, 'Salamadani ; XXII ; 234 Hal ; 22 cm', NULL),
(317, 'Salamadani ; XXIII ; 232 Hal ; 21 cm', NULL),
(318, 'Salemba Empat ; XXVI ; 304 Hal ; 26 cm', NULL),
(319, 'Salemba Infotek ; XXIV ; 830 Hal ; Gambar ; 28 cm', NULL),
(320, 'Salemba Medika ; X ; 180 Hal ; Tabel ; 24 cm', NULL),
(321, 'Semesta Ide ; XXXVI ; 257 Hal ; Gambar; 21 cm', NULL),
(322, 'Simbiosa Rekatama ; VI ; 204 Hal ; Gambar ; 24 cm', NULL),
(323, 'Simbiosa Rekatama ; VIII ; 160 Hal ; Gambar ; 24 cm', NULL),
(324, 'Simbiosa Rekatama ; XIV ; 286 Hal ; 24 cm', NULL),
(325, 'Simbiosa Rekatama Media ; VIII ; 198 Hal ; 24 cm', NULL),
(326, 'Springer ; XI ; 510 Hal ; Gambar ; 28.5 cm', NULL),
(327, 'Tangga Pustaka ; VII ; 284 Hal ; Gambar ; 20 cm', NULL),
(328, 'Ufuk Press ; XVIII ; 272 Hal ; Gambar ; 20.5 cm', NULL),
(329, 'Visimedia ; XII ; 8 BAB ; 22.5 cm', NULL),
(330, 'Visimedia ; XV ; 272 Hal ; Tabel ; 21 cm', NULL),
(331, 'Visimedia ; XXIX ; 400 Hal ; Tabel ; 21 cm', NULL);

-- --------------------------------------------------------

--
-- Table structure for table `penulis`
--

CREATE TABLE `penulis` (
  `id` int(11) NOT NULL,
  `nama` varchar(255) COLLATE utf8_unicode_ci NOT NULL,
  `alamat` varchar(255) COLLATE utf8_unicode_ci DEFAULT NULL
) ENGINE=InnoDB DEFAULT CHARSET=utf8 COLLATE=utf8_unicode_ci;

--
-- Dumping data for table `penulis`
--

INSERT INTO `penulis` (`id`, `nama`, `alamat`) VALUES
(1, 'A. Fuadi', NULL),
(2, 'Abdul Hamid A Toha', NULL),
(3, 'Abdul Haris el-Faris & Fariq Maulana', NULL),
(4, 'Abun Sanda', NULL),
(5, 'Ach. Muhib Zainuri, ST', NULL),
(6, 'Adhe Riyanto', NULL),
(7, 'Adi Jarot Pamungkas', NULL),
(8, 'Adi Putera Widjaja & Stefanus Isaac Tamzil', NULL),
(9, 'Aditya ( DreamArch )', NULL),
(10, 'Adrian R. Nugraha', NULL),
(11, 'Agung Basuki', NULL),
(12, 'Agus Setiawan, ST, MT', NULL),
(13, 'Ahmad Kholil, ST.MT', NULL),
(14, 'Ahmad Mansur Suryanegara', NULL),
(15, 'Ainie Khuriati Riza Sulistiati', NULL),
(16, 'Ajib Rosidi', NULL),
(17, 'Alex J. Ulaen, Triana Wulandari, Yuda B. Tangkilisan', NULL),
(18, 'Ali Akbar', NULL),
(19, 'Alison Matthews, Lauren Matthews', NULL),
(20, 'Anastasia Diana & Lilis Setiawati', NULL),
(21, 'Andrew C. Hitchock', NULL),
(22, 'Andri VB', NULL),
(23, 'Andy Kristono', NULL),
(24, 'Ardian Syam', NULL),
(25, 'Ari Fadiati, M. Si. & Dedi Purwana, M. Buss.', NULL),
(26, 'Ari Wulandari', NULL),
(27, 'Aris Ananda', NULL),
(28, 'Arswendo Atmowiloto', NULL),
(29, 'Asti Musman & Ambar B. Arini', NULL),
(30, 'Audrey Niffenegger', NULL),
(31, 'Aunur Rofiq', NULL),
(32, 'Bambang Hari Prabowo, ST., MT.', NULL),
(33, 'Bayu Satya DS', NULL),
(34, 'Benny Lo', NULL),
(35, 'Bonnie S.', NULL),
(36, 'Budi Harsono', NULL),
(37, 'Budi Sutedjo Dharma Oetomo, S. Kom, MM', NULL),
(38, 'C. Jotin Khisty & B. Kent Lall', NULL),
(39, 'Carly Philips', NULL),
(40, 'Cerpen Kompas', NULL),
(41, 'Chandris Arly, S. Sn', NULL),
(42, 'Charlaine Harris', NULL),
(43, 'Christopher Pass & Bryan Lowes', NULL),
(44, 'Colin Rose & Malcolm J. Nicholl', NULL),
(45, 'Daisaku Ikeda', NULL),
(46, 'Dale Carnegie and Associates, Inc., ; J.Oliver Crom, dan Michael Crom', NULL),
(47, 'Dan Sapar', NULL),
(48, 'Diaz Priantara', NULL),
(49, 'Djenar Maesa Ayu', NULL),
(50, 'Djoko Muljono', NULL),
(51, 'Dorling Kindersley Limited', NULL),
(52, 'DP. Tampubolon', NULL),
(53, 'Dr. A. A. Anwar Prabu Mangkunegara, Drs., M.Si. Psi.', NULL),
(54, 'Dr. Abdul Jalil, M. EI.', NULL),
(55, 'Dr. Achmad Busro, SH. M. Hum.', NULL),
(56, 'Dr. Ari Fadiati, M.Si', NULL),
(57, 'Dr. Bambang S. Ma''arif', NULL),
(58, 'Dr. Bima Arya Sugiarto', NULL),
(59, 'Dr. Budi Mulyanti, M.Si.', NULL),
(60, 'Dr. Deni Darmawan, S. Pd., M. Si. & Deden Hendra Permana', NULL),
(61, 'Dr. Deni Darmawan, S.Pd., M.Si.', NULL),
(62, 'Dr. Der Nat. Poerbondono, S.T., M. M. & Ir. Eka Djunasjah, M. T.', NULL),
(63, 'Dr. Eka Kusmawan, Sp.B.', NULL),
(64, 'Dr. Euis Amalia, M.Ag', NULL),
(65, 'Dr. Euis Amalia, M.Ag.', NULL),
(66, 'Dr. Euis Amalia, M.Ag. , Dr. Asmawi,M Ag. , Muhammad Nurianto Al Arif,  SE., M.Si.', NULL),
(67, 'Dr. Freddy Harris & Teddy Anggoro, M.H.', NULL),
(68, 'Dr. H. Budi Untung, S.H., C.N., M.M.', NULL),
(69, 'Dr. H.Hasbi Hasan, MH', NULL),
(70, 'Dr. H.M Subandi, Ir., Drs., MP. & Hany Hanita Humanisa, S.Pd.', NULL),
(71, 'Dr. Indarini Dwi Pursitasari, M.Si.', NULL),
(72, 'Dr. Ir. Alsuhendra, M.Si & Dr. Ir. Ridawati, M.Si.', NULL),
(73, 'Dr. Ir. Anik Herminingsih, M.Si', NULL),
(74, 'Dr. Ir. Arita Marini', NULL),
(75, 'Dr. Ir. Barahima Abbas, M.Si.', NULL),
(76, 'Dr. John Coleman', NULL),
(77, 'Dr. Joni Rahmat Pramudia, M.Si', NULL),
(78, 'Dr. Mansoer Pateda', NULL),
(79, 'Dr. Mardi, M.Si.', NULL),
(80, 'Dr. Melvin L. Siberman', NULL),
(81, 'Dr. Muhammad Ibrahim al-Fayyumi', NULL),
(82, 'Dr. Nanang Arif Guntoro, M.Si.', NULL),
(83, 'Dr. Nur Kholisoh, M.Si', NULL),
(84, 'Dr. Prayoga Bestari, M. Si & Epin Saepudin, S. Pd', NULL),
(85, 'Dr. Rukaesih Achmad, M. Si.', NULL),
(86, 'Dr. Yan Orgianus', NULL),
(87, 'Dr. Yosal Iriantara', NULL),
(88, 'Drs. Agung Dudung, M. Pd.', NULL),
(89, 'Drs. Asep Haerul Gani, Psi. ; Drg. Locky Setio ; Drg. Chairunnisa Amart, Sp.BM', NULL),
(90, 'Drs. Dikdik M. Arief Mansur, SH., MH. & Elisatris Gultom., SH., MH.', NULL),
(91, 'Drs. H. Abu Ahmadi & Ir. A. Supatmo', NULL),
(92, 'Drs. H. Burhanuddin Salam, M.M', NULL),
(93, 'Drs. H. Inu Kencana Syafiie, M. Si. & Drs. Andi Azikin, M. Si.', NULL),
(94, 'Drs. H. Syukri Iska, M. Ag. Ph. D.', NULL),
(95, 'Drs. Herimanto, M.Pd., M.Si. & Winarno, S.Pd., M.Si', NULL),
(96, 'Drs. Herman Darmawi', NULL),
(97, 'Drs. Hiskia Achmad & Dra. Lubna Baradja, M.Si.', NULL),
(98, 'Drs. Kasidi, M.Si.', NULL),
(99, 'Drs. Lies Sudibyo, MH ; Drs. Agus Sudargono, M. Si. ; dkk', NULL),
(100, 'Drs. Pawit M. Yusuf, M.S. ; Drs. Yaya Suhendar', NULL),
(101, 'Drs. Pawit M. Yusup, M. S.', NULL),
(102, 'Drs. Sahid, M. Sc.', NULL),
(103, 'Drs. Suhasril, S.H, M.H. & Prof. Mohammad Taufik Makarao, S.H., M.H.', NULL),
(104, 'Drs. Yaya Suhendar', NULL),
(105, 'Duane P. Schultz & Sydney Ellen Schultz', NULL),
(106, 'Dwi Putri Cahyawati, SH., MH.', NULL),
(107, 'Dwi Wahyu', NULL),
(108, 'Ed Tittel', NULL),
(109, 'Eddy Susianto', NULL),
(110, 'Eka Kurniawan', NULL),
(111, 'Eko Budi Kuncoro & F.E. Ardi Wiharto', NULL),
(112, 'Eko Budiyanto', NULL),
(113, 'Elih Sudiapermana', NULL),
(114, 'Elis Suryani NS', NULL),
(115, 'Ema Utami & Sukrisno', NULL),
(116, 'Endy Marlina', NULL),
(117, 'Eriyanto', NULL),
(118, 'Eugene L. Grant & Richard S. Leavenworth', NULL),
(119, 'Fairuzah Tsabit', NULL),
(120, 'Fandy Tjiptono', NULL),
(121, 'Fathul Wahid', NULL),
(122, 'Firoozeh Dumas', NULL),
(123, 'Fokusmedia', NULL),
(124, 'Francis D. K. Ching - Corky Binggeli', NULL),
(125, 'Frans Budi Pranata', NULL),
(126, 'Gary B. Shelly ; Misty E. Vermaat', NULL),
(127, 'Georg Thieme Verlag', NULL),
(128, 'George Mcdonald', NULL),
(129, 'George R. Terry', NULL),
(130, 'Gerald F. Gaus & Chandran Kukathas', NULL),
(131, 'Gery Schmitz, Hans Lepper, Michael Heidrich', NULL),
(132, 'Gol A Gong', NULL),
(133, 'Gondomono', NULL),
(134, 'Gregor Neonbasu SVD, Ph. D.', NULL),
(135, 'Gunawan Ardiyanto', NULL),
(136, 'H. B. Jassin', NULL),
(137, 'H. Bachtiar Ibrahim', NULL),
(138, 'H. Djaslim Saladin, SE', NULL),
(139, 'H. Muhamad Nurdin, S. Ag, M. Pd. I', NULL),
(140, 'H. Rachmat Firdaus, Drs, M.Si. & Maya Ariyanti S.E., M.M.', NULL),
(141, 'H.K. Martono, Agus Pramono, Eka Budi Tjahjono', NULL),
(142, 'Hamdani Bakran Adz-Dzakiey', NULL),
(143, 'Hannu Karttunen, Pekka Kroger, Heikki Oja, Markku Poutanen, Karl J. Donner', NULL),
(144, 'Hans Kelsen', NULL),
(145, 'Hayono Isman', NULL),
(146, 'Hendri Tanjung, Abrista Devi', NULL),
(147, 'Heri Sismoro', NULL),
(148, 'Heru Joko Pranantyo', NULL),
(149, 'Hery, S.E, M.Si.', NULL),
(150, 'Hikmat Israr', NULL),
(151, 'Hoeda Manis', NULL),
(152, 'Ilan J. Kernerman', NULL),
(153, 'Indra Gunawan, LC.', NULL),
(154, 'Ir. Irika Widiasanti, M.T. & Lenggogeni, M.T.', NULL),
(155, 'Ir. Susy Fatena Rostiyanti, M. Sc.', NULL),
(156, 'Ir. Sutarno, M.Sc.', NULL),
(157, 'Irma Rahayu', NULL),
(158, 'Irnizarifka, dkk', NULL),
(159, 'J. B. Soedarmanta', NULL),
(160, 'J. I. Michell Suharli', NULL),
(161, 'J. S. Badudu', NULL),
(162, 'James A. Levine', NULL),
(163, 'James Luhulima', NULL),
(164, 'Jean Rocher & Iwan Santosa', NULL),
(165, 'Joe Hartanto', NULL),
(166, 'Jonathan Wolff', NULL),
(167, 'Judy Bothamley & Maureen Boyle', NULL),
(168, 'Jusuf Sutanto', NULL),
(169, 'Kay White', NULL),
(170, 'Kh. Drs. Muchtar Adam', NULL),
(171, 'KH. Drs. Muchtar Adam & Hj. Anna Rosdiana, S.Ag.', NULL),
(172, 'KH. Muchtar Adam & Fadlullah Muh. Said', NULL),
(173, 'Koes Irianto', NULL),
(174, 'Kumpulan @sajak_cinta', NULL),
(175, 'Kun Sri Budiasih', NULL),
(176, 'Leksmono S. Putranto, PH.D.', NULL),
(177, 'M. Maryati Sastrawijaya, Teddi Muhtadin, Mimin Rukmini D.', NULL),
(178, 'M. S. Gumelar', NULL),
(179, 'MADCOMS', NULL),
(180, 'Maman S Mahayana', NULL),
(181, 'Marcella Viona Legoh', NULL),
(182, 'Margaret Hynes', NULL),
(183, 'Margareta Astaman', NULL),
(184, 'Masyarakat Ekonomi Syariah', NULL),
(185, 'Maya Mar''atus Shalihah', NULL),
(186, 'Medium', NULL),
(187, 'Michelle Moran', NULL),
(188, 'Mohamad Ishaq', NULL),
(189, 'Muhaimin Iqbal', NULL),
(190, 'Muhammad Asri Amin', NULL),
(191, 'Muhammad Assad', NULL),
(192, 'Muhammad Ibn Abi-Qasim al-Humairi', NULL),
(193, 'Munir Fuady', NULL),
(194, 'Muthia Esfand ; Indriya R. Dani ; dkk', NULL),
(195, 'N. Syamsuddin CH. Haesy', NULL),
(196, 'Naresh Makhijani & James Creelman', NULL),
(197, 'Nashihul Ibad Elhas, S. H. I., M. S. I.', NULL),
(198, 'Neville Isdell dengan David Beasley', NULL),
(199, 'Nikmatur Rohmah', NULL),
(200, 'Nuansa', NULL),
(201, 'Nur Hidayat Sardini', NULL),
(202, 'Octave & Tim Penerbit', NULL),
(203, 'Palar Batubara', NULL),
(204, 'Paulus Winarto', NULL),
(205, 'Persatuan Ahli Gizi Indonesia (PERSAGI)', NULL),
(206, 'Pirma Sibarani', NULL),
(207, 'Pongki Pamungkas', NULL),
(208, 'Prof. Dr. Achmad Sanusi', NULL),
(209, 'Prof. Dr. Anna Poedjiadi', NULL),
(210, 'Prof. Dr. Anwar Arifin', NULL),
(211, 'Prof. Dr. Ascobat Gani, MPH, DrPh', NULL),
(212, 'Prof. Dr. H. Ahmad M.Ramli, SH., MH., FCBArb.', NULL),
(213, 'Prof. Dr. H. Buchari Alma, M. Pd.', NULL),
(214, 'Prof. Dr. H. Jaih Mubarok, SE, MH, M.Ag', NULL),
(215, 'Prof. Dr. Henry Guntur Tarigan', NULL),
(216, 'Prof. Dr. Henry Guntur Tarigan & Dr. Djago Tarigan', NULL),
(217, 'Prof. Dr. Ir. Ign. Siharto, APU', NULL),
(218, 'Prof. Dr. Ir. Tb. Sjafri Mangkuprawira', NULL),
(219, 'Prof. Dr. M. Dimyati Hartono, SH', NULL),
(220, 'Prof. Dr. Made Pidarta', NULL),
(221, 'Prof. Dr. Made Warka, S. H., M. Hum.', NULL),
(222, 'Prof. Dr. Nina W. Syam, M. S', NULL),
(223, 'Prof. Dr. Sismanto, M.Si.', NULL),
(224, 'Prof. Dr. Siti Musdah Mulia, M.A. Ira D. Aini', NULL),
(225, 'Prof. Dr. Sondang P. Siagian, MPA', NULL),
(226, 'Prof. Dr. Sri Rejeki Hartono, S.H. ; Paramita Prananingtyas, S.H., L.L.M. ; Fahimah, S.Sos.', NULL),
(227, 'Prof. Dr. Sukardjo', NULL),
(228, 'Prof. Dr. Syahrin Harahap, M. A. & Prof. Dr. Hasan Bakti Nasution, M. Ag.', NULL),
(229, 'Prof. Drs. C. S. T. Kansil, S. H. & Christine S. T. Kansil, S. H., M. H.', NULL),
(230, 'Prof. Rhenald Kasali, Ph.D.', NULL),
(231, 'Prof. Subowo, dr., Msc., PhD', NULL),
(232, 'R. Satjadibrata', NULL),
(233, 'Rekawati Susilaningrum, Nursalam, Sri Utami', NULL),
(234, 'Remy Sylado', NULL),
(235, 'Rendra', NULL),
(236, 'Retno Listyarti', NULL),
(237, 'Reza Zia ul-Haq', NULL),
(238, 'Richardus Eko Indrajit, Dudy Rudianto dan Akbar Zainuddin', NULL),
(239, 'Rifki Ismail, PhD', NULL),
(240, 'Rika Widya Sukmana, S.P., M.Pd. & Anny Muljatiningrum, S.Pd., M.Pd.', NULL),
(241, 'Rini Darmastuti', NULL),
(242, 'Robert Heller', NULL),
(243, 'Robert Koehler', NULL),
(244, 'Robert van Niel', NULL),
(245, 'Ronald W. Chan', NULL),
(246, 'Rory Carroll', NULL),
(247, 'Rosalind Horton dan Sally Simmons', NULL),
(248, 'Rosihan Anwar', NULL),
(249, 'Rully Charitas I.P., dkk', NULL),
(250, 'Ruswandi, S. Pd.', NULL),
(251, 'Ryan Filbert Wijaya, S. Sn, Me', NULL),
(252, 'Saleh Danasasmita', NULL),
(253, 'Sam', NULL),
(254, 'Samsul Ramli', NULL),
(255, 'Sandra Anne Taylor', NULL),
(256, 'Sanoesi Pane', NULL),
(257, 'Sarojini', NULL),
(258, 'Satrio Wahono & Dofa Purnomo', NULL),
(259, 'Seri Sundalana', NULL),
(260, 'Soni Farid Maulana', NULL),
(261, 'Sri Lestari Rahayu', NULL),
(262, 'Stanjey J. Baran', NULL),
(263, 'Stuart Diamond', NULL),
(264, 'Sudarsono Katam', NULL),
(265, 'Suherman, M.Si.', NULL),
(266, 'Sulaiman Effendi', NULL),
(267, 'Sunta Atmaja, Djuha Supriatna, Solihin Abdul Rosid', NULL),
(268, 'Suryo Sukendro', NULL),
(269, 'Susanto Leo', NULL),
(270, 'Suswinarno, Ak., MM', NULL),
(271, 'Tauhid Nur Azhar', NULL),
(272, 'Teguh Amor Patria & Febriana', NULL),
(273, 'Tere Liye', NULL),
(274, 'Thomas S. Kuhn', NULL),
(275, 'Tim Fokusmedia (editor)', NULL),
(276, 'Tim Penerbit Andi', NULL),
(277, 'Triana Wulandari, Dwiana Hercahyani, Tirmizi, Harto Juwono, Djokko Marihandono', NULL),
(278, 'Try Widiyono, S. H., M. H., Sp. N.', NULL),
(279, 'V. Lestari', NULL),
(280, 'Visimedia', NULL),
(281, 'W. A. Newman Dorland', NULL),
(282, 'Wahana Komputer', NULL),
(283, 'Waluyo', NULL),
(284, 'William Marsden', NULL),
(285, 'Win Wenger, Ph. D.', NULL),
(286, 'Yapi Tambayong', NULL),
(287, 'Yoopi Abimanyu, Ph.D', NULL),
(288, 'Yuliana', NULL),
(289, 'Zaenuddin HM', NULL),
(290, 'Zara Zettira ZR', NULL);

-- --------------------------------------------------------

--
-- Table structure for table `user`
--

CREATE TABLE `user` (
  `id` int(11) NOT NULL,
  `username` varchar(255) COLLATE utf8_unicode_ci NOT NULL,
  `auth_key` varchar(32) COLLATE utf8_unicode_ci NOT NULL,
  `password_hash` varchar(255) COLLATE utf8_unicode_ci NOT NULL,
  `password_reset_token` varchar(255) COLLATE utf8_unicode_ci DEFAULT NULL,
  `email` varchar(255) COLLATE utf8_unicode_ci NOT NULL,
  `status` smallint(6) NOT NULL DEFAULT '10',
  `created_at` int(11) NOT NULL,
  `updated_at` int(11) NOT NULL
) ENGINE=InnoDB DEFAULT CHARSET=utf8 COLLATE=utf8_unicode_ci;

--
-- Dumping data for table `user`
--

INSERT INTO `user` (`id`, `username`, `auth_key`, `password_hash`, `password_reset_token`, `email`, `status`, `created_at`, `updated_at`) VALUES
(1, 'admin', 'Xi7BSYmKAL3RjhkpautlTgm2wlIUZKKC', '$2y$13$3TMdBZ8jVkddZvCdfw7Hpe.DZo2IO5bm3YoHV/ulwX6TNu/dUYkBG', NULL, 'iqbalhamsyah@gmail.com', 10, 19970122, 19970122);

--
-- Indexes for dumped tables
--

--
-- Indexes for table `anggota`
--
ALTER TABLE `anggota`
  ADD PRIMARY KEY (`id`);

--
-- Indexes for table `buku`
--
ALTER TABLE `buku`
  ADD PRIMARY KEY (`id`),
  ADD KEY `id_penulis` (`id_penulis`),
  ADD KEY `id_penerbit` (`id_penerbit`);

--
-- Indexes for table `denda`
--
ALTER TABLE `denda`
  ADD PRIMARY KEY (`id`);

--
-- Indexes for table `migration`
--
ALTER TABLE `migration`
  ADD PRIMARY KEY (`version`);

--
-- Indexes for table `peminjaman`
--
ALTER TABLE `peminjaman`
  ADD PRIMARY KEY (`id`);

--
-- Indexes for table `penerbit`
--
ALTER TABLE `penerbit`
  ADD PRIMARY KEY (`id`);

--
-- Indexes for table `penulis`
--
ALTER TABLE `penulis`
  ADD PRIMARY KEY (`id`);

--
-- Indexes for table `user`
--
ALTER TABLE `user`
  ADD PRIMARY KEY (`id`),
  ADD UNIQUE KEY `username` (`username`),
  ADD UNIQUE KEY `email` (`email`),
  ADD UNIQUE KEY `password_reset_token` (`password_reset_token`);

--
-- AUTO_INCREMENT for dumped tables
--

--
-- AUTO_INCREMENT for table `anggota`
--
ALTER TABLE `anggota`
  MODIFY `id` int(11) NOT NULL AUTO_INCREMENT;
--
-- AUTO_INCREMENT for table `buku`
--
ALTER TABLE `buku`
  MODIFY `id` int(11) NOT NULL AUTO_INCREMENT, AUTO_INCREMENT=654;
--
-- AUTO_INCREMENT for table `denda`
--
ALTER TABLE `denda`
  MODIFY `id` int(11) NOT NULL AUTO_INCREMENT;
--
-- AUTO_INCREMENT for table `peminjaman`
--
ALTER TABLE `peminjaman`
  MODIFY `id` int(11) NOT NULL AUTO_INCREMENT;
--
-- AUTO_INCREMENT for table `penerbit`
--
ALTER TABLE `penerbit`
  MODIFY `id` int(11) NOT NULL AUTO_INCREMENT, AUTO_INCREMENT=332;
--
-- AUTO_INCREMENT for table `penulis`
--
ALTER TABLE `penulis`
  MODIFY `id` int(11) NOT NULL AUTO_INCREMENT, AUTO_INCREMENT=291;
--
-- AUTO_INCREMENT for table `user`
--
ALTER TABLE `user`
  MODIFY `id` int(11) NOT NULL AUTO_INCREMENT, AUTO_INCREMENT=2;
--
-- Constraints for dumped tables
--

--
-- Constraints for table `buku`
--
ALTER TABLE `buku`
  ADD CONSTRAINT `buku_ibfk_1` FOREIGN KEY (`id_penulis`) REFERENCES `penulis` (`id`) ON DELETE CASCADE ON UPDATE CASCADE,
  ADD CONSTRAINT `buku_ibfk_2` FOREIGN KEY (`id_penerbit`) REFERENCES `penerbit` (`id`) ON DELETE CASCADE ON UPDATE CASCADE;

/*!40101 SET CHARACTER_SET_CLIENT=@OLD_CHARACTER_SET_CLIENT */;
/*!40101 SET CHARACTER_SET_RESULTS=@OLD_CHARACTER_SET_RESULTS */;
/*!40101 SET COLLATION_CONNECTION=@OLD_COLLATION_CONNECTION */;
